testname,pre-vecmut-SVELVAnalyzedCnt,pre-vecmut-SVELVVectorizedCnt,pre-vecmut-SVEEPVectorizedCnt,pre-vecmut-SVESLPInstructionsCnt,pre-vecmut-AVX512LVAnalyzedCnt,pre-vecmut-AVX512LVVectorizedCnt,pre-vecmut-AVX512EPVectorizedCnt,pre-vecmut-AVX512SLPInstructionsCnt,after-vecmut-SVELVAnalyzedCnt,after-vecmut-SVELVVectorizedCnt,after-vecmut-SVEEPVectorizedCnt,after-vecmut-SVESLPInstructionsCnt,after-vecmut-AVX512LVAnalyzedCnt,after-vecmut-AVX512LVVectorizedCnt,after-vecmut-AVX512EPVectorizedCnt,after-vecmut-AVX512SLPInstructionsCnt
"csmith_out/csmith_output_179cea6fdeda6b8b.c",9,2,2,0,9,2,0,0,18,4,3,1,18,4,0,1
"csmith_out/csmith_output_179cea70dd9abf27.c",11,1,1,0,11,1,0,0,15,4,3,0,15,4,0,0
"csmith_out/csmith_output_179cea718e6ff932.c",30,1,1,0,30,1,0,0,57,27,2,0,57,27,0,0
"csmith_out/csmith_output_179cea738cd00368.c",0,0,0,0,0,0,0,0,0,0,0,0,0,0,0,0
"csmith_out/csmith_output_179cea73afad35ce.c",2,0,0,0,2,0,0,0,4,1,1,0,4,1,0,0
"csmith_out/csmith_output_179cea7456779f5f.c",0,0,0,0,0,0,0,0,0,0,0,0,0,0,0,0
"csmith_out/csmith_output_179cea7477ca6e2c.c",0,0,0,0,0,0,0,0,0,0,0,0,0,0,0,0
"csmith_out/csmith_output_179cea7499b7eb6c.c",2,1,1,0,2,1,0,0,2,1,1,0,2,1,0,0
"csmith_out/csmith_output_179cea74c4ce6b30.c",27,1,1,0,27,1,0,0,38,1,1,0,38,1,0,0
"csmith_out/csmith_output_179cea76f014a7e1.c",18,1,1,0,18,1,0,0,21,1,1,0,21,1,0,0
"csmith_out/csmith_output_179cea77efce0454.c",2,1,1,0,2,1,0,0,2,1,1,0,2,1,0,0
"csmith_out/csmith_output_179cea781ade9a12.c",1,1,1,0,1,1,0,0,1,1,1,0,1,1,0,0
"csmith_out/csmith_output_179cea78428a1ff1.c",6,1,1,0,6,1,0,0,16,1,1,0,16,1,0,0
"csmith_out/csmith_output_179cea78f3efe2f5.c",17,1,1,0,17,1,0,0,25,1,1,0,25,1,0,0
"csmith_out/csmith_output_179cea79e1222743.c",17,1,1,0,17,1,0,0,25,1,1,0,25,1,0,0
"csmith_out/csmith_output_179cea7b1b6fb72d.c",5,1,1,0,5,1,0,0,11,4,3,0,11,4,0,0
"csmith_out/csmith_output_179cea7c081828bd.c",10,1,1,0,10,1,0,0,10,1,1,0,11,1,0,0
"csmith_out/csmith_output_179cea7c65ae751e.c",16,1,1,3,16,1,0,2,16,3,2,4,16,3,0,2
"csmith_out/csmith_output_179cea7d695d88b1.c",2,1,1,0,2,1,0,0,6,1,1,0,6,1,0,0
"csmith_out/csmith_output_179cea7dbecb4114.c",11,1,1,0,11,1,0,0,11,2,1,0,12,2,0,0
"csmith_out/csmith_output_179cea7e2edb7059.c",2,1,1,0,2,1,0,0,2,1,1,0,2,1,0,0
"csmith_out/csmith_output_179cea7e59d9393b.c",1,0,0,0,1,0,0,0,1,0,0,0,1,0,0,0
"csmith_out/csmith_output_179cea7ef1843f47.c",2,1,1,0,2,1,0,0,16,2,1,0,16,2,0,0
"csmith_out/csmith_output_179cea7fa92060ad.c",11,1,1,1,11,1,0,1,14,1,1,1,14,1,0,1
"csmith_out/csmith_output_179cea804f14495b.c",1,0,0,0,1,0,0,0,1,0,0,0,1,0,0,0
"csmith_out/csmith_output_179cea812cc6a584.c",30,1,1,13,30,1,0,10,39,5,2,11,39,5,0,9
"csmith_out/csmith_output_179cea83db19348a.c",14,1,1,1,14,1,0,1,19,2,1,1,19,2,0,1
"csmith_out/csmith_output_179cea853b52a3a9.c",1,1,1,0,1,1,0,0,1,1,1,0,1,1,0,0
"csmith_out/csmith_output_179cea8560c68db0.c",1,1,1,0,1,1,0,0,1,1,1,0,1,1,0,0
"csmith_out/csmith_output_179cea85876cc5a0.c",24,1,1,0,24,1,0,0,33,1,1,2,33,1,0,2
"csmith_out/csmith_output_179cea87af6b93d8.c",10,1,1,2,10,1,0,2,10,2,1,2,11,2,0,2
"csmith_out/csmith_output_179cea8827febbb2.c",1,1,1,0,1,1,0,0,1,1,1,0,1,1,0,0
"csmith_out/csmith_output_179cea884f79fe0c.c",0,0,0,0,0,0,0,0,0,0,0,0,0,0,0,0
"csmith_out/csmith_output_179cea8871be172a.c",11,1,1,0,11,1,0,0,14,2,2,0,14,2,0,0
"csmith_out/csmith_output_179cea8934a8b893.c",11,1,1,0,11,1,0,0,14,1,1,0,14,1,0,0
"csmith_out/csmith_output_179cea89cfc08bd4.c",31,1,1,0,31,1,0,0,33,1,1,0,33,1,0,0
"csmith_out/csmith_output_179cea8bc52124da.c",1,1,1,0,1,1,0,0,3,1,1,0,3,1,0,0
"csmith_out/csmith_output_179cea8be9f11b86.c",16,1,1,0,15,1,0,0,23,1,1,0,23,1,0,0
"csmith_out/csmith_output_179cea8ce998c747.c",1,1,1,0,1,1,0,0,3,1,1,0,3,1,0,0
"csmith_out/csmith_output_179cea8d0e81ee5d.c",9,1,1,0,9,1,0,0,17,4,3,0,17,4,0,0
"csmith_out/csmith_output_179cea8db28e490e.c",11,1,1,1,11,1,0,1,21,7,5,1,21,7,0,1
"csmith_out/csmith_output_179cea8ec31e1112.c",1,0,0,0,1,0,0,0,1,0,0,0,1,0,0,0
"csmith_out/csmith_output_179cea8fa26986ec.c",3,1,1,0,3,1,0,0,2,1,1,0,2,1,0,0
"csmith_out/csmith_output_179cea8fcb826d90.c",13,1,1,0,13,1,0,0,18,1,1,0,18,1,0,0
"csmith_out/csmith_output_179cea90b7309c6c.c",1,1,1,0,1,1,0,0,1,1,1,0,1,1,0,0
"csmith_out/csmith_output_179cea90de63c853.c",16,1,1,0,16,1,0,0,27,1,1,0,27,1,0,0
"csmith_out/csmith_output_179cea91d392584d.c",1,1,1,0,1,1,0,0,1,1,1,0,1,1,0,0
"csmith_out/csmith_output_179cea91fbed1bea.c",21,1,1,0,21,1,0,0,17,1,1,0,17,1,0,0
"csmith_out/csmith_output_179cea9297ee7c53.c",6,1,1,0,6,1,0,0,15,1,1,0,15,1,0,0
"csmith_out/csmith_output_179cea936a222546.c",2,1,1,0,2,1,0,0,2,1,1,0,2,1,0,0
"csmith_out/csmith_output_179cea9392f3d3e8.c",17,1,1,0,18,1,0,3,17,2,2,0,17,2,0,0
"csmith_out/csmith_output_179cea94ee316db4.c",1,1,1,0,1,1,0,0,1,1,1,0,1,1,0,0
"csmith_out/csmith_output_179cea9510db3923.c",13,1,1,2,13,1,0,2,23,2,2,2,23,2,0,2
"csmith_out/csmith_output_179cea963ddf43f7.c",0,0,0,0,0,0,0,0,0,0,0,0,0,0,0,0
"csmith_out/csmith_output_179cea965dda923f.c",7,1,1,3,7,1,0,3,15,3,3,1,15,3,0,1
"csmith_out/csmith_output_179cea96eed47f82.c",12,1,1,0,12,1,0,0,22,1,1,0,22,1,0,0
"csmith_out/csmith_output_179cea97a498027f.c",6,1,1,4,6,1,0,4,37,23,2,10,37,23,0,8
"csmith_out/csmith_output_179cea9882cc6291.c",1,0,0,0,1,0,0,0,1,0,0,0,1,0,0,0
"csmith_out/csmith_output_179cea99171793f9.c",1,1,1,0,1,1,0,0,1,1,1,0,1,1,0,0
"csmith_out/csmith_output_179cea99408420e6.c",1,1,1,0,1,1,0,0,1,1,1,0,1,1,0,0
"csmith_out/csmith_output_179cea9967ee0628.c",0,0,0,0,0,0,0,0,0,0,0,0,0,0,0,0
"csmith_out/csmith_output_179cea99885161fb.c",32,1,1,0,32,1,0,0,51,1,1,0,51,1,0,0
"csmith_out/csmith_output_179cea9d72a87e6d.c",14,1,1,0,14,1,0,0,18,1,1,0,18,1,0,0
"csmith_out/csmith_output_179cea9e531e7d73.c",15,1,1,3,15,1,0,3,20,1,1,3,20,1,0,3
"csmith_out/csmith_output_179cea9ec2fe4dd5.c",2,0,0,0,2,0,0,0,2,0,0,0,2,0,0,0
"csmith_out/csmith_output_179cea9f5dbab484.c",0,0,0,0,0,0,0,0,0,0,0,0,0,0,0,0
"csmith_out/csmith_output_179cea9f7d77d22b.c",4,1,1,0,4,1,0,0,10,1,1,0,11,1,0,0
"csmith_out/csmith_output_179cea9ff2d50b19.c",35,1,1,0,36,1,0,0,50,1,1,0,50,1,0,0
"csmith_out/csmith_output_179ceaa293ea6f4b.c",8,1,1,1,8,1,0,1,14,1,1,1,14,1,0,1
"csmith_out/csmith_output_179ceaa3741291ae.c",8,1,1,0,8,1,0,0,10,1,1,0,11,1,0,0
"csmith_out/csmith_output_179ceaa42d4d0bdd.c",7,1,1,0,7,1,0,0,15,1,1,0,15,1,0,0
"csmith_out/csmith_output_179ceaa52f7eea46.c",13,1,1,2,13,1,0,2,9,1,1,0,9,1,0,0
"csmith_out/csmith_output_179ceaa5e8c63f8e.c",8,1,1,0,8,1,0,0,12,1,1,0,12,1,0,0
"csmith_out/csmith_output_179ceaa66a3b899c.c",2,0,0,0,2,0,0,0,3,1,1,0,3,1,0,0
"csmith_out/csmith_output_179ceaa742ac8b70.c",14,1,1,0,14,1,0,0,26,1,1,0,26,1,0,0
"csmith_out/csmith_output_179ceaa84d6424be.c",3,1,1,0,3,1,0,0,7,1,1,0,7,1,0,0
"csmith_out/csmith_output_179ceaa8e3497f89.c",5,1,1,2,5,1,0,2,10,1,1,2,11,1,0,2
"csmith_out/csmith_output_179ceaa94d941ea0.c",17,1,1,0,17,1,0,0,17,1,1,0,17,1,0,0
"csmith_out/csmith_output_179ceaaa5c5228b3.c",10,1,1,0,10,1,0,0,18,1,1,0,18,1,0,0
"csmith_out/csmith_output_179ceaab704c3abe.c",16,1,1,0,16,1,0,0,28,3,3,0,28,3,0,0
"csmith_out/csmith_output_179ceaac890a1d56.c",15,1,1,3,15,1,0,3,34,4,2,3,34,4,0,3
"csmith_out/csmith_output_179ceaae5b07d6e4.c",18,1,1,0,18,1,0,0,20,1,1,0,20,1,0,0
"csmith_out/csmith_output_179ceaaf1ac81247.c",1,0,0,0,1,0,0,0,1,0,0,0,1,0,0,0
"csmith_out/csmith_output_179ceaafcdbb6eca.c",1,1,1,0,1,1,0,0,1,1,1,0,1,1,0,0
"csmith_out/csmith_output_179ceaaff09eb6fa.c",9,1,1,0,9,1,0,0,8,1,1,0,8,1,0,0
"csmith_out/csmith_output_179ceab0c2962771.c",11,1,1,1,11,1,0,1,10,1,1,1,10,1,0,1
"csmith_out/csmith_output_179ceab17a1861d3.c",16,1,1,3,16,1,0,3,19,5,5,1,19,5,0,1
"csmith_out/csmith_output_179ceab27f5423ca.c",12,1,1,0,12,1,0,0,12,1,1,0,12,1,0,0
"csmith_out/csmith_output_179ceab343aee5dc.c",1,1,1,0,1,1,0,0,1,1,1,0,1,1,0,0
"csmith_out/csmith_output_179ceab36755b02f.c",8,1,1,0,8,1,0,0,15,1,1,0,15,1,0,0
"csmith_out/csmith_output_179ceab42ff0c2de.c",1,0,0,0,1,0,0,0,1,0,0,0,1,0,0,0
"csmith_out/csmith_output_179ceab4de6d71ea.c",2,0,0,0,2,0,0,0,13,13,12,0,13,13,0,0
"csmith_out/csmith_output_179ceab5cd64bed1.c",21,1,1,0,21,1,0,0,6,3,2,0,6,3,0,0
"csmith_out/csmith_output_179ceab7559f592d.c",2,1,1,0,2,1,0,0,2,1,1,0,2,1,0,0
"csmith_out/csmith_output_179ceab77b7957c2.c",2,1,1,0,2,1,0,0,2,1,1,0,2,1,0,0
"csmith_out/csmith_output_179ceab7a022978d.c",11,1,1,0,11,1,0,0,18,1,1,0,18,1,0,0
"csmith_out/csmith_output_179ceab8e9da727a.c",9,1,1,0,9,1,0,0,24,1,1,0,24,1,0,0
"csmith_out/csmith_output_179ceab9f6cc339e.c",13,1,1,0,13,1,0,0,26,1,1,0,26,1,0,0
"csmith_out/csmith_output_179ceabb24d1ef01.c",17,1,1,0,17,1,0,0,32,1,1,0,32,1,0,0
"csmith_out/csmith_output_179ceabc066b1b7d.c",1,0,0,1,1,0,0,1,1,0,0,1,1,0,0,1
"csmith_out/csmith_output_179ceabd64da0149.c",17,1,1,0,17,1,0,0,24,1,1,0,24,1,0,0
"csmith_out/csmith_output_179ceabe2428512c.c",15,1,1,0,15,1,0,0,29,1,1,0,29,1,0,0
"csmith_out/csmith_output_179ceabf2dc0811a.c",12,1,1,0,12,1,0,0,17,1,1,0,17,1,0,0
"csmith_out/csmith_output_179ceac0103b84fc.c",20,1,1,0,20,1,0,0,29,1,1,0,29,1,0,0
"csmith_out/csmith_output_179ceac113a1df53.c",5,1,1,0,5,1,0,0,10,1,1,0,10,1,0,0
"csmith_out/csmith_output_179ceac188619466.c",8,1,1,0,8,1,0,0,12,1,1,0,12,1,0,0
"csmith_out/csmith_output_179ceac2500eb460.c",24,1,1,0,24,1,0,0,21,1,1,0,21,1,0,0
"csmith_out/csmith_output_179ceac319d85fe8.c",19,1,1,1,19,1,0,3,22,2,1,4,22,2,0,3
"csmith_out/csmith_output_179ceac44907b196.c",1,0,0,0,1,0,0,0,1,0,0,0,1,0,0,0
"csmith_out/csmith_output_179ceac4e20e6957.c",1,0,0,0,1,0,0,0,1,0,0,0,1,0,0,0
"csmith_out/csmith_output_179ceac6206bfb19.c",16,1,1,0,16,1,0,0,16,1,1,0,16,1,0,0
"csmith_out/csmith_output_179ceac72749c2c3.c",26,1,1,0,26,1,0,0,28,1,1,0,28,1,0,0
"csmith_out/csmith_output_179ceac88ed5a81c.c",1,1,1,0,1,1,0,0,3,1,1,0,3,1,0,0
"csmith_out/csmith_output_179ceac8b5dc0ca8.c",6,1,1,1,6,1,0,1,3,0,0,0,3,0,0,0
"csmith_out/csmith_output_179ceac93ae8b11a.c",1,1,1,0,1,1,0,0,3,1,1,0,3,1,0,0
"csmith_out/csmith_output_179ceac9656fee51.c",1,1,1,0,1,1,0,0,1,1,1,0,1,1,0,0
"csmith_out/csmith_output_179ceac98e91b4a6.c",9,1,1,0,9,1,0,0,14,4,1,0,14,4,0,0
"csmith_out/csmith_output_179ceaca191824e6.c",16,1,1,0,16,1,0,0,29,2,1,0,29,2,0,0
"csmith_out/csmith_output_179ceacb4a49d596.c",1,1,1,0,1,1,0,0,1,1,1,0,1,1,0,0
"csmith_out/csmith_output_179ceacb71d50d76.c",3,1,1,0,3,1,0,0,2,1,1,0,2,1,0,0
"csmith_out/csmith_output_179ceacb96416df1.c",26,1,1,0,26,1,0,0,41,1,1,0,41,1,0,0
"csmith_out/csmith_output_179cead026e2cf9e.c",26,1,1,0,26,1,0,0,43,1,1,0,43,1,0,0
"csmith_out/csmith_output_179cead10c130806.c",24,1,1,0,24,1,0,0,1,0,0,0,1,0,0,0
"csmith_out/csmith_output_179cead1e11f96c5.c",4,1,1,0,4,1,0,0,2,1,1,0,2,1,0,0
"csmith_out/csmith_output_179cead2082c287e.c",16,1,1,1,16,1,0,1,19,2,2,1,19,2,0,1
"csmith_out/csmith_output_179cead338de4d0c.c",13,1,1,2,13,1,0,2,19,2,1,3,19,2,0,3
"csmith_out/csmith_output_179cead451e6f1fa.c",8,1,1,2,8,1,0,2,24,3,2,2,24,3,0,2
"csmith_out/csmith_output_179cead57ba8d837.c",45,1,1,0,45,1,0,0,55,1,1,0,55,1,0,0
"csmith_out/csmith_output_179ceadb06ee1f7e.c",35,1,1,0,35,1,0,0,42,1,1,0,42,1,0,0
"csmith_out/csmith_output_179ceade0e351b34.c",9,1,1,0,9,1,0,0,10,1,1,0,11,1,0,0
"csmith_out/csmith_output_179ceadea260e52a.c",9,1,1,0,9,1,0,0,15,1,1,0,15,1,0,0
"csmith_out/csmith_output_179ceadf5ce69123.c",13,1,1,0,13,1,0,0,14,1,1,0,14,1,0,0
"csmith_out/csmith_output_179ceadfd87fb461.c",22,1,1,0,22,1,0,0,20,2,2,0,20,2,0,0
"csmith_out/csmith_output_179ceae0bb402150.c",5,1,1,0,5,1,0,0,10,1,1,0,11,1,0,0
"csmith_out/csmith_output_179ceae15751aa87.c",37,1,1,0,37,1,0,0,56,1,1,0,56,1,0,0
"csmith_out/csmith_output_179ceae34b875530.c",1,1,1,0,1,1,0,0,2,1,1,0,2,1,0,0
"csmith_out/csmith_output_179ceae370a8c0ef.c",1,1,1,0,1,1,0,0,1,1,1,0,1,1,0,0
"csmith_out/csmith_output_179ceae3951b0b96.c",2,1,1,0,2,1,0,0,2,1,1,0,2,1,0,0
"csmith_out/csmith_output_179ceae3bddd8d9c.c",11,1,1,0,11,1,0,0,27,2,1,0,27,2,0,0
"csmith_out/csmith_output_179ceae52985fdbc.c",4,1,1,0,4,1,0,0,8,1,1,0,8,1,0,0
"csmith_out/csmith_output_179ceae5c9f396e1.c",14,1,1,0,14,1,0,0,13,1,1,0,13,1,0,0
"csmith_out/csmith_output_179ceae6c8dbe1ca.c",13,1,1,9,13,1,0,7,14,1,1,6,14,1,0,5
"csmith_out/csmith_output_179ceae790f403b3.c",1,1,1,0,1,1,0,0,1,1,1,0,1,1,0,0
"csmith_out/csmith_output_179ceae7b5440290.c",6,1,1,0,6,1,0,0,11,1,1,0,11,1,0,0
"csmith_out/csmith_output_179ceae855fc1ec5.c",1,1,1,0,1,1,0,0,1,1,1,0,1,1,0,0
"csmith_out/csmith_output_179ceae87d05721d.c",7,1,1,0,7,1,0,0,11,1,1,0,11,1,0,0
"csmith_out/csmith_output_179ceae919af4ebf.c",17,1,1,0,17,1,0,0,27,4,2,1,27,4,0,1
"csmith_out/csmith_output_179ceae9fff8390f.c",8,1,1,0,8,1,0,0,10,1,1,0,10,1,0,0
"csmith_out/csmith_output_179ceaea99a61225.c",15,1,1,0,15,1,0,0,14,1,1,0,14,1,0,0
"csmith_out/csmith_output_179ceaebafd410a3.c",1,0,0,0,1,0,0,0,1,0,0,0,1,0,0,0
"csmith_out/csmith_output_179ceaecdbf4036e.c",1,1,1,0,1,1,0,0,1,1,1,0,1,1,0,0
"csmith_out/csmith_output_179ceaecfeca84c1.c",1,1,1,0,1,1,0,0,5,1,1,0,5,1,0,0
"csmith_out/csmith_output_179ceaed225f2a49.c",9,1,1,0,9,1,0,0,11,1,1,0,12,1,0,0
"csmith_out/csmith_output_179ceaedeef06462.c",7,1,1,0,7,1,0,0,11,1,1,0,12,1,0,0
"csmith_out/csmith_output_179ceaee69833fcd.c",9,1,1,1,9,1,0,1,42,28,4,13,42,28,0,14
"csmith_out/csmith_output_179ceaefa15fb1fa.c",2,1,1,0,2,1,0,0,10,1,1,0,11,1,0,0
"csmith_out/csmith_output_179ceaf022336b84.c",1,0,0,0,1,0,0,0,1,0,0,0,1,0,0,0
"csmith_out/csmith_output_179ceaf283e66e74.c",12,1,1,0,12,1,0,0,17,1,1,0,17,1,0,0
"csmith_out/csmith_output_179ceaf3ad84e785.c",6,1,1,0,6,1,0,0,12,1,1,0,12,1,0,0
"csmith_out/csmith_output_179ceaf41d634d9d.c",13,1,1,1,13,1,0,1,18,1,1,1,18,1,0,1
"csmith_out/csmith_output_179ceaf4f745815b.c",21,1,1,0,21,1,0,0,30,1,1,0,30,1,0,0
"csmith_out/csmith_output_179ceaf70352236d.c",10,1,1,0,10,1,0,0,19,1,1,0,19,1,0,0
"csmith_out/csmith_output_179ceaf84d80ec72.c",13,1,1,0,13,1,0,0,16,1,1,0,16,1,0,0
"csmith_out/csmith_output_179ceaf91644b500.c",21,1,1,1,21,1,0,1,19,1,1,1,19,1,0,1
"csmith_out/csmith_output_179ceaf9d422a54b.c",17,1,1,0,17,1,0,0,24,1,1,0,24,1,0,0
"csmith_out/csmith_output_179ceafb2badb089.c",11,1,1,1,11,1,0,1,19,1,1,1,19,1,0,1
"csmith_out/csmith_output_179ceafc5c894501.c",1,1,1,0,1,1,0,0,3,1,1,0,3,1,0,0
"csmith_out/csmith_output_179ceafc802745ce.c",17,1,1,0,17,1,0,0,22,1,1,0,22,1,0,0
"csmith_out/csmith_output_179ceafdb65df7f1.c",10,1,1,1,10,1,0,1,19,1,1,1,19,1,0,1
"csmith_out/csmith_output_179ceaff1459b93d.c",12,1,1,0,12,1,0,0,31,2,1,0,31,2,0,0
"csmith_out/csmith_output_179ceb0025086e93.c",23,1,1,6,23,1,0,6,40,10,5,7,40,10,0,7
"csmith_out/csmith_output_179ceb0246a00a71.c",1,0,0,0,1,0,0,0,1,0,0,0,1,0,0,0
"csmith_out/csmith_output_179ceb02e85ca54f.c",1,0,0,0,1,0,0,0,1,0,0,0,1,0,0,0
"csmith_out/csmith_output_179ceb0380f647f1.c",13,1,1,2,13,1,0,2,23,1,1,2,23,1,0,2
"csmith_out/csmith_output_179ceb04ab34af07.c",21,1,1,0,21,1,0,0,32,1,1,0,32,1,0,0
"csmith_out/csmith_output_179ceb07f0523592.c",3,1,1,0,3,1,0,0,11,1,1,0,12,1,0,0
"csmith_out/csmith_output_179ceb08c90c1a71.c",2,1,1,0,2,1,0,0,2,1,1,0,2,1,0,0
"csmith_out/csmith_output_179ceb08f2d983f9.c",9,1,1,2,9,1,0,0,11,2,1,0,11,2,0,0
"csmith_out/csmith_output_179ceb09bc5461d9.c",23,1,1,0,23,1,0,0,19,1,1,0,19,1,0,0
"csmith_out/csmith_output_179ceb0adc6adc2e.c",8,1,1,0,8,1,0,0,11,1,1,0,11,1,0,0
"csmith_out/csmith_output_179ceb0bba4806db.c",12,1,1,0,12,1,0,0,17,1,1,0,17,1,0,0
"csmith_out/csmith_output_179ceb0c5292abb0.c",5,1,1,1,5,1,0,1,10,2,2,1,10,2,0,1
"csmith_out/csmith_output_179ceb0d18c56ffe.c",8,1,1,0,8,1,0,0,11,1,1,0,11,1,0,0
"csmith_out/csmith_output_179ceb0e01acc068.c",7,1,1,1,7,1,0,1,16,1,1,1,16,1,0,1
"csmith_out/csmith_output_179ceb0e92c603ad.c",8,1,1,0,8,1,0,0,17,1,1,0,17,1,0,0
"csmith_out/csmith_output_179ceb0f3ab94172.c",3,1,1,5,3,1,0,5,9,2,2,0,9,2,0,0
"csmith_out/csmith_output_179ceb0fcc24f5cb.c",5,1,1,0,5,1,0,0,9,1,1,0,9,1,0,0
"csmith_out/csmith_output_179ceb102b6b0a8b.c",9,1,1,1,9,1,0,1,15,1,1,6,15,1,0,6
"csmith_out/csmith_output_179ceb10bd392aa9.c",1,0,0,0,1,0,0,0,1,0,0,0,1,0,0,0
"csmith_out/csmith_output_179ceb128acd3567.c",11,1,1,0,11,1,0,0,20,1,1,0,20,1,0,0
"csmith_out/csmith_output_179ceb136a0cb31f.c",16,1,1,0,16,1,0,0,27,1,1,0,27,1,0,0
"csmith_out/csmith_output_179ceb14290651e7.c",23,1,1,0,23,1,0,0,36,1,1,0,36,1,0,0
"csmith_out/csmith_output_179ceb1545e92caa.c",11,1,1,5,11,1,0,5,16,2,2,5,16,2,0,5
"csmith_out/csmith_output_179ceb15d247d143.c",19,1,1,1,19,1,0,1,26,4,3,5,26,4,0,5
"csmith_out/csmith_output_179ceb16c3205669.c",7,1,1,0,5,1,0,0,21,12,2,0,21,12,0,0
"csmith_out/csmith_output_179ceb18611237b5.c",10,1,1,0,10,1,0,0,10,1,1,0,10,1,0,0
"csmith_out/csmith_output_179ceb18f19ef5f1.c",8,1,1,2,8,1,0,2,15,1,1,2,15,1,0,2
"csmith_out/csmith_output_179ceb19a882ad64.c",8,1,1,0,8,1,0,0,10,1,1,0,10,1,0,0
"csmith_out/csmith_output_179ceb1a9eb76d44.c",22,1,1,0,22,1,0,0,25,4,2,0,25,4,0,0
"csmith_out/csmith_output_179ceb1bb430d0d2.c",12,1,1,0,12,1,0,0,16,1,1,0,16,1,0,0
"csmith_out/csmith_output_179ceb1c7c3a9a8e.c",11,1,1,0,11,1,0,0,12,1,1,0,12,1,0,0
"csmith_out/csmith_output_179ceb1d3c987046.c",10,1,1,0,10,1,0,0,19,3,2,0,19,3,0,0
"csmith_out/csmith_output_179ceb1e007538b1.c",1,1,1,0,1,1,0,0,3,1,1,1,3,1,0,1
"csmith_out/csmith_output_179ceb1e2683c2e7.c",5,1,1,0,5,1,0,0,9,1,1,0,9,1,0,0
"csmith_out/csmith_output_179ceb1ec20a98a6.c",8,1,1,0,8,1,0,0,17,2,2,0,17,2,0,0
"csmith_out/csmith_output_179ceb200f1d5b58.c",17,1,1,1,17,1,0,1,30,1,1,2,30,1,0,2
"csmith_out/csmith_output_179ceb215a460a47.c",8,1,1,2,8,1,0,2,16,4,3,3,16,4,0,3
"csmith_out/csmith_output_179ceb2237d9aead.c",17,1,1,0,17,1,0,0,20,1,1,0,20,1,0,0
"csmith_out/csmith_output_179ceb230d54cdcf.c",5,0,0,4,5,0,0,4,9,7,6,0,9,7,0,0
"csmith_out/csmith_output_179ceb241f4159aa.c",27,1,1,1,27,1,0,1,32,2,2,0,32,2,0,0
"csmith_out/csmith_output_179ceb267b41226c.c",1,1,1,0,1,1,0,0,1,1,1,0,1,1,0,0
"csmith_out/csmith_output_179ceb269cc06199.c",13,1,1,0,13,1,0,0,22,1,1,0,22,1,0,0
"csmith_out/csmith_output_179ceb277836315e.c",14,1,1,0,14,1,0,0,20,1,1,0,20,1,0,0
"csmith_out/csmith_output_179ceb28440cf788.c",10,1,1,0,10,1,0,0,16,1,1,0,16,1,0,0
"csmith_out/csmith_output_179ceb28bd0136a7.c",29,1,1,5,29,1,0,5,34,5,5,2,34,5,0,2
"csmith_out/csmith_output_179ceb2a83aa48d7.c",5,1,1,0,5,1,0,0,11,2,2,0,11,2,0,0
"csmith_out/csmith_output_179ceb2b5a233058.c",9,1,1,0,9,1,0,0,13,1,1,0,13,1,0,0
"csmith_out/csmith_output_179ceb2bd76a3fef.c",2,1,1,6,2,1,0,6,15,3,2,5,15,3,0,5
"csmith_out/csmith_output_179ceb2cb7b0e2bb.c",12,1,1,10,12,1,0,10,21,4,4,11,21,4,0,11
"csmith_out/csmith_output_179ceb2dd8f4bcce.c",12,1,1,0,12,1,0,0,10,1,1,0,10,1,0,0
"csmith_out/csmith_output_179ceb2e5c4b03f9.c",31,1,1,0,31,1,0,0,45,1,1,0,45,1,0,0
"csmith_out/csmith_output_179ceb2fa3f12250.c",12,1,1,3,12,1,0,3,4,2,2,2,4,2,0,2
"csmith_out/csmith_output_179ceb306a9f9449.c",19,1,1,0,19,1,0,0,26,1,1,0,26,1,0,0
"csmith_out/csmith_output_179ceb3161698b5c.c",12,1,1,0,12,1,0,0,14,1,1,0,14,1,0,0
"csmith_out/csmith_output_179ceb322a67e04a.c",12,1,1,0,12,1,0,0,20,1,1,0,20,1,0,0
"csmith_out/csmith_output_179ceb32e2b23d44.c",14,1,1,0,14,1,0,0,13,1,1,0,13,1,0,0
"csmith_out/csmith_output_179ceb336adcae22.c",16,1,1,0,16,1,0,0,14,1,1,0,14,1,0,0
"csmith_out/csmith_output_179ceb34512a5140.c",1,1,1,0,1,1,0,0,1,1,1,0,1,1,0,0
"csmith_out/csmith_output_179ceb3478e365ca.c",1,1,1,0,1,1,0,0,1,1,1,0,1,1,0,0
"csmith_out/csmith_output_179ceb34a029da10.c",2,0,0,0,2,0,0,0,2,0,0,0,2,0,0,0
"csmith_out/csmith_output_179ceb35d2f0038d.c",5,1,1,2,5,1,0,2,11,1,1,2,12,1,0,2
"csmith_out/csmith_output_179ceb362643875d.c",5,1,1,0,5,1,0,0,12,1,1,0,12,1,0,0
"csmith_out/csmith_output_179ceb36f3186a62.c",10,1,1,0,10,1,0,0,10,1,1,0,10,1,0,0
"csmith_out/csmith_output_179ceb37b2158e98.c",10,1,1,0,10,1,0,0,22,1,1,0,22,1,0,0
"csmith_out/csmith_output_179ceb38adbb3735.c",14,1,1,0,13,1,0,0,24,2,2,0,24,2,0,0
"csmith_out/csmith_output_179ceb3a25ec08fc.c",7,1,1,1,7,1,0,1,16,2,2,1,16,2,0,1
"csmith_out/csmith_output_179ceb3b4c2b48b2.c",25,1,1,0,25,1,0,0,25,1,1,0,25,1,0,0
"csmith_out/csmith_output_179ceb3c4a9b682e.c",13,1,1,0,13,1,0,0,14,1,1,0,14,1,0,0
"csmith_out/csmith_output_179ceb3cded27d10.c",13,1,1,0,13,1,0,0,15,2,2,0,15,2,0,0
"csmith_out/csmith_output_179ceb3d7c804743.c",0,0,0,0,0,0,0,0,0,0,0,0,0,0,0,0
"csmith_out/csmith_output_179ceb3d9a0c3c7f.c",12,1,1,0,12,1,0,0,14,2,2,0,14,2,0,0
"csmith_out/csmith_output_179ceb3e0fe19dcc.c",3,1,1,0,3,1,0,0,2,1,1,0,2,1,0,0
"csmith_out/csmith_output_179ceb3e36011028.c",12,1,1,0,12,1,0,0,11,1,1,0,11,1,0,0
"csmith_out/csmith_output_179ceb3ea5982ead.c",1,1,1,0,1,1,0,0,1,1,1,0,1,1,0,0
"csmith_out/csmith_output_179ceb3ec6054367.c",14,1,1,0,14,1,0,0,17,1,1,0,17,1,0,0
"csmith_out/csmith_output_179ceb3fa9d8f29e.c",15,1,1,0,15,1,0,0,18,1,1,0,18,1,0,0
"csmith_out/csmith_output_179ceb407f4190c4.c",18,1,1,1,18,1,0,1,29,3,3,2,29,3,0,2
"csmith_out/csmith_output_179ceb42d91bdd65.c",8,1,1,0,8,1,0,0,10,1,1,0,10,1,0,0
"csmith_out/csmith_output_179ceb43542b121c.c",6,1,1,8,6,1,0,8,15,1,1,8,15,1,0,8
"csmith_out/csmith_output_179ceb44a0e5f1ac.c",13,1,1,0,13,1,0,0,17,1,1,0,17,1,0,0
"csmith_out/csmith_output_179ceb454f14a60d.c",10,1,1,0,10,1,0,0,8,1,1,0,8,1,0,0
"csmith_out/csmith_output_179ceb45fab85608.c",10,1,1,1,10,1,0,1,18,2,2,1,18,2,0,1
"csmith_out/csmith_output_179ceb46e1df89d9.c",9,1,1,1,9,1,0,1,17,1,1,0,17,1,0,0
"csmith_out/csmith_output_179ceb47eeb42b6d.c",1,1,1,0,1,1,0,0,1,1,1,0,1,1,0,0
"csmith_out/csmith_output_179ceb4812e1d7ff.c",42,1,1,1,42,1,0,0,43,1,1,1,43,1,0,0
"csmith_out/csmith_output_179ceb4c345909a7.c",15,1,1,0,15,1,0,0,24,2,1,0,24,2,0,0
"csmith_out/csmith_output_179ceb4cd078a055.c",2,1,1,0,2,1,0,0,10,1,1,0,11,1,0,0
"csmith_out/csmith_output_179ceb4d42b30ab9.c",16,1,1,9,16,1,0,9,20,3,2,7,20,3,0,6
"csmith_out/csmith_output_179ceb4e0b296d1f.c",7,1,1,1,7,1,0,1,15,6,4,1,15,6,0,1
"csmith_out/csmith_output_179ceb4ea1f6bfe5.c",5,1,1,1,5,1,0,1,10,1,1,1,10,1,0,1
"csmith_out/csmith_output_179ceb4f0830deab.c",2,1,1,0,2,1,0,0,2,1,1,0,2,1,0,0
"csmith_out/csmith_output_179ceb4f2c24bf88.c",5,1,1,1,5,1,0,1,13,4,2,0,13,4,0,0
"csmith_out/csmith_output_179ceb4fbc3b9c2c.c",2,1,1,0,2,1,0,0,2,1,1,0,2,1,0,0
"csmith_out/csmith_output_179ceb4fdf5c3265.c",10,1,1,0,10,1,0,1,18,1,1,0,18,1,0,1
"csmith_out/csmith_output_179ceb509d1a9ad3.c",8,1,1,0,8,1,0,0,14,1,1,0,14,1,0,0
"csmith_out/csmith_output_179ceb51699248ff.c",8,1,1,0,8,1,0,0,19,4,4,1,19,4,0,1
"csmith_out/csmith_output_179ceb52199be3d1.c",10,1,1,0,10,1,0,0,28,1,1,0,28,1,0,0
"csmith_out/csmith_output_179ceb53243a05d0.c",7,1,1,0,7,1,0,0,11,1,1,0,11,1,0,0
"csmith_out/csmith_output_179ceb53d54590cc.c",7,1,1,0,7,1,0,0,15,1,1,0,15,1,0,0
"csmith_out/csmith_output_179ceb5538a34369.c",23,1,1,0,23,1,0,0,34,1,1,0,34,1,0,0
"csmith_out/csmith_output_179ceb560c02b59b.c",18,1,1,1,18,1,0,1,12,1,1,1,12,1,0,1
"csmith_out/csmith_output_179ceb572345edee.c",8,1,1,1,8,1,0,1,16,2,1,1,16,2,0,1
"csmith_out/csmith_output_179ceb57d8dd8741.c",1,1,1,0,1,1,0,0,1,1,1,0,1,1,0,0
"csmith_out/csmith_output_179ceb5800c3f789.c",6,1,1,0,6,1,0,0,10,1,1,0,11,1,0,0
"csmith_out/csmith_output_179ceb5866122add.c",8,1,1,1,8,1,0,1,14,1,1,1,14,1,0,1
"csmith_out/csmith_output_179ceb594eee2e14.c",12,1,1,0,12,1,0,0,13,1,1,0,13,1,0,0
"csmith_out/csmith_output_179ceb59d447e95b.c",3,1,1,0,3,1,0,0,2,1,1,0,2,1,0,0
"csmith_out/csmith_output_179ceb59ffce00f6.c",12,1,1,0,12,1,0,0,33,1,1,0,33,1,0,0
"csmith_out/csmith_output_179ceb5af4f3702b.c",9,1,1,1,9,1,0,1,18,1,1,0,18,1,0,0
"csmith_out/csmith_output_179ceb5bb76e5e7d.c",7,1,1,0,7,1,0,0,10,1,1,0,11,1,0,0
"csmith_out/csmith_output_179ceb5c4aa4c25c.c",11,1,1,0,11,1,0,0,15,1,1,0,15,1,0,0
"csmith_out/csmith_output_179ceb5d13a1398c.c",5,1,1,0,5,1,0,0,12,1,1,0,12,1,0,0
"csmith_out/csmith_output_179ceb5d7bf11a93.c",1,1,1,0,1,1,0,0,1,1,1,0,1,1,0,0
"csmith_out/csmith_output_179ceb5d9ce043db.c",7,1,1,0,7,1,0,0,15,1,1,0,15,1,0,0
"csmith_out/csmith_output_179ceb5eaaacc4e6.c",19,1,1,2,19,1,0,0,27,2,1,0,27,2,0,0
"csmith_out/csmith_output_179ceb6024bc8e35.c",1,1,1,0,1,1,0,0,2,1,1,0,2,1,0,0
"csmith_out/csmith_output_179ceb604907d30f.c",2,1,1,0,2,1,0,0,2,1,1,0,2,1,0,0
"csmith_out/csmith_output_179ceb606fae5631.c",1,1,1,0,1,1,0,0,3,1,1,0,3,1,0,0
"csmith_out/csmith_output_179ceb609868c9bd.c",48,1,1,0,43,1,0,0,64,3,3,1,59,3,0,1
"csmith_out/csmith_output_179ceb647ed47851.c",7,1,1,0,7,1,0,0,10,1,1,0,12,1,0,0
"csmith_out/csmith_output_179ceb659cf63fd1.c",7,1,1,0,7,1,0,0,12,1,1,0,12,1,0,0
"csmith_out/csmith_output_179ceb662144a476.c",11,1,1,0,11,1,0,0,16,1,1,0,16,1,0,0
"csmith_out/csmith_output_179ceb6696ed7839.c",13,1,1,0,13,1,0,0,25,2,2,1,25,2,0,1
"csmith_out/csmith_output_179ceb678d9f809e.c",9,1,1,9,9,1,0,9,17,6,6,9,17,6,0,9
"csmith_out/csmith_output_179ceb68640234cb.c",1,1,1,0,1,1,0,0,1,1,1,0,1,1,0,0
"csmith_out/csmith_output_179ceb68859327bb.c",1,1,1,0,1,1,0,0,1,1,1,0,1,1,0,0
"csmith_out/csmith_output_179ceb68ab75607f.c",14,1,1,0,14,1,0,0,31,1,1,0,31,1,0,0
"csmith_out/csmith_output_179ceb6a01be168c.c",1,1,1,0,1,1,0,0,1,1,1,0,1,1,0,0
"csmith_out/csmith_output_179ceb6a22abefb3.c",8,1,1,0,8,1,0,0,19,1,1,0,19,1,0,0
"csmith_out/csmith_output_179ceb6b2aa7ff2f.c",7,1,1,0,7,1,0,0,11,1,1,0,11,1,0,0
"csmith_out/csmith_output_179ceb6cbe36b8a3.c",1,0,0,0,1,0,0,0,1,0,0,0,1,0,0,0
"csmith_out/csmith_output_179ceb6d573a61b2.c",15,1,1,2,15,1,0,2,14,3,2,3,14,3,0,3
"csmith_out/csmith_output_179ceb6e4ef49b5e.c",12,1,1,0,12,1,0,0,16,1,1,0,16,1,0,0
"csmith_out/csmith_output_179ceb6f2aa487ec.c",7,1,1,0,7,1,0,0,13,1,1,0,13,1,0,0
"csmith_out/csmith_output_179ceb6fdd220b2f.c",1,0,0,0,1,0,0,0,1,0,0,0,1,0,0,0
"csmith_out/csmith_output_179ceb70aefa5ae9.c",1,0,0,0,1,0,0,0,1,0,0,0,1,0,0,0
"csmith_out/csmith_output_179ceb7103e632ff.c",13,1,1,0,13,1,0,0,13,1,1,0,13,1,0,0
"csmith_out/csmith_output_179ceb71df0d084d.c",25,1,1,0,25,1,0,0,39,1,1,0,39,1,0,0
"csmith_out/csmith_output_179ceb7407048fac.c",8,1,1,0,8,1,0,0,13,1,1,0,13,1,0,0
"csmith_out/csmith_output_179ceb7479b7be23.c",19,1,1,7,19,1,0,7,53,30,30,2,53,30,0,2
"csmith_out/csmith_output_179ceb75c3f1807f.c",1,1,1,0,1,1,0,0,1,1,1,0,1,1,0,0
"csmith_out/csmith_output_179ceb75ec421b29.c",2,1,1,0,2,1,0,0,2,1,1,0,2,1,0,0
"csmith_out/csmith_output_179ceb7616df1833.c",1,1,1,0,1,1,0,0,2,1,1,0,2,1,0,0
"csmith_out/csmith_output_179ceb7639f2b3b2.c",16,1,1,0,16,1,0,0,18,1,1,0,18,1,0,0
"csmith_out/csmith_output_179ceb77480908bb.c",1,1,1,0,1,1,0,0,1,1,1,0,1,1,0,0
"csmith_out/csmith_output_179ceb77692a9ada.c",1,0,0,0,1,0,0,0,1,0,0,0,1,0,0,0
"csmith_out/csmith_output_179ceb7835bca54f.c",2,0,0,2,2,0,0,2,2,0,0,2,2,0,0,2
"csmith_out/csmith_output_179ceb78d3af5aa7.c",41,1,1,9,41,1,0,9,48,4,2,6,48,4,0,6
"csmith_out/csmith_output_179ceb7a4831eec1.c",1,0,0,0,1,0,0,0,1,0,0,0,1,0,0,0
"csmith_out/csmith_output_179ceb7affc28bd5.c",1,1,1,0,1,1,0,0,2,2,1,0,2,2,0,0
"csmith_out/csmith_output_179ceb7b20e3d2f1.c",11,1,1,4,11,1,0,4,16,1,1,4,16,1,0,4
"csmith_out/csmith_output_179ceb7bd4371833.c",1,1,1,0,1,1,0,0,3,1,1,0,3,1,0,0
"csmith_out/csmith_output_179ceb7bf77c3854.c",3,1,1,0,3,1,0,0,10,1,1,0,12,1,0,0
"csmith_out/csmith_output_179ceb7c6611673e.c",4,1,1,0,4,1,0,0,8,1,1,0,8,1,0,0
"csmith_out/csmith_output_179ceb7cd79bfbd8.c",31,1,1,0,31,1,0,0,54,2,2,0,54,2,0,0
"csmith_out/csmith_output_179ceb7ef5e84398.c",0,0,0,0,0,0,0,0,0,0,0,0,0,0,0,0
"csmith_out/csmith_output_179ceb7f1257e2df.c",15,1,1,3,15,1,0,3,28,1,1,3,28,1,0,3
"csmith_out/csmith_output_179ceb82811c479c.c",21,1,1,5,21,1,0,5,26,1,1,5,26,1,0,5
"csmith_out/csmith_output_179ceb83334a9376.c",8,1,1,0,8,1,0,0,16,3,2,0,16,3,0,0
"csmith_out/csmith_output_179ceb84387bf1a2.c",1,1,1,0,1,1,0,0,1,1,1,0,1,1,0,0
"csmith_out/csmith_output_179ceb8459670272.c",1,0,0,0,1,0,0,0,1,0,0,0,1,0,0,0
"csmith_out/csmith_output_179ceb849285bed2.c",20,1,1,0,20,1,0,0,29,1,1,0,29,1,0,0
"csmith_out/csmith_output_179ceb8681c29fa6.c",1,1,1,0,1,1,0,0,1,1,1,0,1,1,0,0
"csmith_out/csmith_output_179ceb86a7893c03.c",7,1,1,1,7,1,0,1,10,1,1,1,12,1,0,1
"csmith_out/csmith_output_179ceb87063490e7.c",14,1,1,0,14,1,0,0,17,1,1,0,17,1,0,0
"csmith_out/csmith_output_179ceb87d4803e12.c",3,1,1,0,3,1,0,0,3,1,1,0,3,1,0,0
"csmith_out/csmith_output_179ceb8801893896.c",0,0,0,0,0,0,0,0,0,0,0,0,0,0,0,0
"csmith_out/csmith_output_179ceb881cf4a52e.c",23,1,1,28,23,1,0,27,33,6,3,34,33,6,0,33
"csmith_out/csmith_output_179ceb89cbd941ad.c",25,1,1,0,25,1,0,1,30,7,6,0,30,7,0,1
"csmith_out/csmith_output_179ceb8ac24245f9.c",12,1,1,2,12,1,0,2,10,1,1,2,10,1,0,2
"csmith_out/csmith_output_179ceb8b6236bb2a.c",17,1,1,0,17,1,0,0,15,2,1,0,15,2,0,0
"csmith_out/csmith_output_179ceb8c1f49b1de.c",13,1,1,0,13,1,0,0,19,1,1,0,19,1,0,0
"csmith_out/csmith_output_179ceb8cc0082c21.c",5,1,1,0,5,1,0,0,13,2,2,1,13,2,0,1
"csmith_out/csmith_output_179ceb8d2c71dfbd.c",9,1,1,0,9,1,0,0,15,1,1,0,15,1,0,0
"csmith_out/csmith_output_179ceb8ddcf4e45f.c",6,1,1,0,6,1,0,0,13,1,1,0,13,1,0,0
"csmith_out/csmith_output_179ceb8e844496bf.c",39,1,1,0,39,1,0,0,59,1,1,0,59,1,0,0
"csmith_out/csmith_output_179ceb90d5129ce1.c",1,0,0,0,1,0,0,0,43,1,1,0,43,1,0,0
"csmith_out/csmith_output_179ceb92b55488d7.c",16,1,1,0,16,1,0,0,26,1,1,0,26,1,0,0
"csmith_out/csmith_output_179ceb93aa6a074a.c",5,1,1,0,5,1,0,0,10,2,2,0,10,2,0,0
"csmith_out/csmith_output_179ceb941afdae2d.c",4,1,1,0,4,1,0,0,13,1,1,0,13,1,0,0
"csmith_out/csmith_output_179ceb94b5c8bd13.c",30,1,1,2,30,1,0,2,41,4,3,0,41,4,0,0
"csmith_out/csmith_output_179ceb9617d40311.c",45,1,1,0,45,1,0,0,49,1,1,0,49,1,0,0
"csmith_out/csmith_output_179ceb9907c55421.c",5,1,1,0,5,1,0,0,10,1,1,0,11,1,0,1
"csmith_out/csmith_output_179ceb999d6ad12b.c",9,1,1,0,9,1,0,0,14,1,1,0,14,1,0,0
"csmith_out/csmith_output_179ceb9a61866de5.c",17,1,1,0,17,1,0,0,26,1,1,0,26,1,0,0
"csmith_out/csmith_output_179ceb9b62960236.c",9,1,1,0,9,1,0,0,13,4,4,0,13,4,0,0
"csmith_out/csmith_output_179ceb9c08262132.c",15,1,1,0,15,1,0,0,15,1,1,0,15,1,0,0
"csmith_out/csmith_output_179ceb9d4abaa3fd.c",10,1,1,2,10,1,0,2,12,1,1,2,12,1,0,2
"csmith_out/csmith_output_179ceb9de7449277.c",1,0,0,0,1,0,0,0,1,0,0,0,1,0,0,0
"csmith_out/csmith_output_179ceb9e74033f5f.c",5,1,1,0,5,1,0,0,10,1,1,0,10,1,0,0
"csmith_out/csmith_output_179ceb9f489a72cf.c",12,1,1,1,12,1,0,1,18,2,2,1,18,2,0,1
"csmith_out/csmith_output_179ceb9ff6e33be0.c",15,1,1,0,15,1,0,0,20,1,1,0,20,1,0,0
"csmith_out/csmith_output_179ceba115b6b65b.c",18,1,1,3,18,1,0,3,27,4,1,3,27,4,0,3
"csmith_out/csmith_output_179ceba254c4de29.c",12,1,1,0,13,1,0,0,23,1,1,0,23,1,0,0
"csmith_out/csmith_output_179ceba3736f82d9.c",16,1,1,0,16,1,0,0,20,1,1,0,20,1,0,0
"csmith_out/csmith_output_179ceba4c1c73517.c",2,1,1,0,2,1,0,0,2,1,1,0,2,1,0,0
"csmith_out/csmith_output_179ceba4e626a51e.c",26,1,1,34,26,1,0,35,37,3,3,43,37,3,0,44
"csmith_out/csmith_output_179ceba78066a450.c",20,1,1,7,20,1,0,7,23,8,6,9,23,8,0,9
"csmith_out/csmith_output_179ceba87668691d.c",9,1,1,0,9,1,0,0,19,1,1,0,19,1,0,0
"csmith_out/csmith_output_179ceba9923f1c1e.c",3,1,1,0,3,1,0,0,2,1,1,0,2,1,0,0
"csmith_out/csmith_output_179ceba9b676f2ea.c",1,0,0,0,1,0,0,0,1,0,0,0,1,0,0,0
"csmith_out/csmith_output_179cebaa5b3437d6.c",1,1,1,0,1,1,0,0,1,1,1,0,1,1,0,0
"csmith_out/csmith_output_179cebaa7bd68e22.c",12,1,1,0,12,1,0,0,18,2,2,0,18,2,0,0
"csmith_out/csmith_output_179cebaaf11c584a.c",20,1,1,0,20,1,0,0,25,1,1,0,25,1,0,0
"csmith_out/csmith_output_179cebac1e810a7c.c",14,1,1,0,14,1,0,0,18,1,1,0,18,1,0,0
"csmith_out/csmith_output_179cebaccc24df8f.c",9,1,1,0,9,1,0,0,20,5,3,1,20,5,0,1
"csmith_out/csmith_output_179cebadbca69401.c",9,1,1,0,9,1,0,0,20,2,1,0,20,2,0,0
"csmith_out/csmith_output_179cebae822e61ec.c",18,1,1,0,18,1,0,0,21,1,1,0,21,1,0,0
"csmith_out/csmith_output_179cebaf66dd53c7.c",1,1,1,0,1,1,0,0,1,1,1,0,1,1,0,0
"csmith_out/csmith_output_179cebaf8d5ae657.c",1,1,1,0,1,1,0,0,1,1,1,0,1,1,0,0
"csmith_out/csmith_output_179cebafb3dea40c.c",13,1,1,0,13,1,0,0,12,1,1,0,12,1,0,0
"csmith_out/csmith_output_179cebb063a0a5e7.c",19,1,1,0,19,1,0,0,24,1,1,0,24,1,0,0
"csmith_out/csmith_output_179cebb1762d4bc7.c",19,1,1,0,19,1,0,0,19,1,1,0,19,1,0,0
"csmith_out/csmith_output_179cebb26b27a0c7.c",4,1,1,0,4,1,0,0,10,1,1,0,10,1,0,0
"csmith_out/csmith_output_179cebb319ba6dec.c",1,1,1,0,1,1,0,0,1,1,1,0,1,1,0,0
"csmith_out/csmith_output_179cebb3420496f3.c",17,1,1,0,17,1,0,0,14,1,1,0,14,1,0,0
"csmith_out/csmith_output_179cebb4038177d6.c",2,0,0,0,2,0,0,0,2,0,0,0,2,0,0,0
"csmith_out/csmith_output_179cebb47d1468e5.c",1,1,1,0,1,1,0,0,5,1,1,0,5,1,0,0
"csmith_out/csmith_output_179cebb4a487af4c.c",10,1,1,1,10,1,0,1,12,3,1,0,12,3,0,0
"csmith_out/csmith_output_179cebb54a8e6263.c",29,1,1,0,29,1,0,0,42,1,1,0,42,1,0,0
"csmith_out/csmith_output_179cebb782303f0a.c",6,1,1,1,6,1,0,1,19,1,1,1,19,1,0,1
"csmith_out/csmith_output_179cebb8682e4bb7.c",10,1,1,11,10,1,0,10,11,2,1,11,11,2,0,10
"csmith_out/csmith_output_179cebb8f028f100.c",16,1,1,0,16,1,0,0,17,1,1,0,17,1,0,0
"csmith_out/csmith_output_179cebb996fbbadd.c",11,1,1,0,11,1,0,0,19,1,1,0,19,1,0,0
"csmith_out/csmith_output_179cebba10003376.c",5,1,1,0,5,1,0,0,15,1,1,0,15,1,0,0
"csmith_out/csmith_output_179cebbae647930b.c",2,1,1,0,2,1,0,0,6,1,1,0,6,1,0,0
"csmith_out/csmith_output_179cebbb0d47e197.c",13,1,1,0,13,1,0,0,20,1,1,0,20,1,0,0
"csmith_out/csmith_output_179cebbbd893961f.c",19,1,1,0,19,1,0,0,19,1,1,0,19,1,0,0
"csmith_out/csmith_output_179cebbcc09cd750.c",15,1,1,0,15,1,0,0,1,0,0,0,1,0,0,0
"csmith_out/csmith_output_179cebbd775f6e3d.c",1,1,1,0,1,1,0,0,1,1,1,0,1,1,0,0
"csmith_out/csmith_output_179cebbd990568d5.c",14,1,1,0,14,1,0,0,13,1,1,0,13,1,0,0
"csmith_out/csmith_output_179cebbe81dd723d.c",5,1,1,0,5,1,0,0,10,1,1,0,11,1,0,0
"csmith_out/csmith_output_179cebbf57f2e526.c",8,1,1,0,8,1,0,0,15,2,1,0,15,2,0,0
"csmith_out/csmith_output_179cebc04332c714.c",2,1,1,0,2,1,0,0,4,1,1,0,4,1,0,0
"csmith_out/csmith_output_179cebc068768afd.c",3,1,1,0,3,1,0,0,6,1,1,0,6,1,0,0
"csmith_out/csmith_output_179cebc0ae58e93b.c",0,0,0,0,0,0,0,0,0,0,0,0,0,0,0,0
"csmith_out/csmith_output_179cebc0c99975e8.c",13,1,1,0,13,1,0,0,25,6,5,1,25,6,0,1
"csmith_out/csmith_output_179cebc1d67907f7.c",11,1,1,0,11,1,0,0,10,1,1,0,10,1,0,0
"csmith_out/csmith_output_179cebc246e0ecf5.c",1,0,0,0,1,0,0,0,1,0,0,0,1,0,0,0
"csmith_out/csmith_output_179cebc3243a0298.c",8,1,1,0,8,1,0,0,16,1,1,0,16,1,0,0
"csmith_out/csmith_output_179cebc3e6980798.c",7,1,1,4,7,1,0,4,15,1,1,2,15,1,0,2
"csmith_out/csmith_output_179cebc4d6286be2.c",18,1,1,3,18,1,0,4,23,3,2,2,23,3,0,2
"csmith_out/csmith_output_179cebc57ef5d11b.c",32,1,1,1,32,1,0,1,36,2,2,1,36,2,0,1
"csmith_out/csmith_output_179cebc6ab43844d.c",18,1,1,0,18,1,0,0,25,1,1,0,25,1,0,0
"csmith_out/csmith_output_179cebc8177bd6f0.c",19,1,1,0,19,1,0,0,39,1,1,0,39,1,0,0
"csmith_out/csmith_output_179cebca16ded2b1.c",7,1,1,0,7,1,0,0,12,1,1,1,12,1,0,1
"csmith_out/csmith_output_179cebca9c7baf24.c",13,1,1,0,13,1,0,0,21,1,1,1,21,1,0,1
"csmith_out/csmith_output_179cebcb8972cb93.c",5,1,1,0,5,1,0,0,11,1,1,0,11,1,0,0
"csmith_out/csmith_output_179cebcc0f899ac6.c",13,1,1,4,13,1,0,4,12,1,1,4,12,1,0,4
"csmith_out/csmith_output_179cebccb15e9176.c",24,1,1,1,24,1,0,1,21,7,1,0,21,7,0,0
"csmith_out/csmith_output_179cebcd61e73624.c",3,1,1,0,3,1,0,0,2,1,1,0,2,1,0,0
"csmith_out/csmith_output_179cebcd86765514.c",3,1,1,0,3,1,0,0,8,1,1,0,8,1,0,0
"csmith_out/csmith_output_179cebcdda1bcecd.c",10,1,1,1,10,1,0,1,12,1,1,1,12,1,0,1
"csmith_out/csmith_output_179cebce58fa957e.c",9,1,1,0,9,1,0,0,15,1,1,0,15,1,0,0
"csmith_out/csmith_output_179cebced1207771.c",14,1,1,0,14,1,0,0,29,1,1,0,29,1,0,0
"csmith_out/csmith_output_179cebd061710059.c",1,1,1,0,1,1,0,0,1,1,1,0,1,1,0,0
"csmith_out/csmith_output_179cebd0811246f0.c",18,1,1,0,18,1,0,0,26,1,1,0,26,1,0,0
"csmith_out/csmith_output_179cebd27b36693f.c",1,1,1,0,1,1,0,0,1,1,1,0,1,1,0,0
"csmith_out/csmith_output_179cebd29beae898.c",24,1,1,1,24,1,0,1,27,1,1,1,27,1,0,1
"csmith_out/csmith_output_179cebd462b4f5d5.c",10,1,1,0,10,1,0,0,17,1,1,0,17,1,0,0
"csmith_out/csmith_output_179cebd5199875ea.c",8,1,1,0,8,1,0,0,21,1,1,0,21,1,0,0
"csmith_out/csmith_output_179cebd5f728da29.c",16,1,1,0,16,1,0,0,19,1,1,0,19,1,0,0
"csmith_out/csmith_output_179cebd6ce2fa40d.c",2,1,1,0,2,1,0,0,2,1,1,0,2,1,0,0
"csmith_out/csmith_output_179cebd6f2db4e92.c",8,1,1,0,8,1,0,0,14,1,1,0,14,1,0,0
"csmith_out/csmith_output_179cebd77d9c8fab.c",9,1,1,4,9,1,0,3,20,5,1,1,20,5,0,0
"csmith_out/csmith_output_179cebd8e6a365aa.c",14,1,1,0,14,1,0,0,12,1,1,0,12,1,0,0
"csmith_out/csmith_output_179cebd96b471856.c",6,1,1,0,6,1,0,0,9,1,1,0,9,1,0,0
"csmith_out/csmith_output_179cebda192724aa.c",10,1,1,0,10,1,0,0,34,1,1,0,34,1,0,0
"csmith_out/csmith_output_179cebdb32e1429c.c",3,1,1,0,3,1,0,0,10,1,1,0,10,1,0,0
"csmith_out/csmith_output_179cebdbcd2b8301.c",10,1,1,0,10,1,0,0,15,1,1,0,15,1,0,0
"csmith_out/csmith_output_179cebdc72210f6b.c",20,1,1,26,20,1,0,26,10,8,1,5,10,8,0,5
"csmith_out/csmith_output_179cebdda099f712.c",22,1,1,0,22,1,0,0,47,1,1,0,47,1,0,0
"csmith_out/csmith_output_179cebdeae3a2470.c",3,1,1,0,3,1,0,0,10,1,1,0,10,1,0,0
"csmith_out/csmith_output_179cebdf5971d3ed.c",6,1,1,0,6,1,0,0,12,1,1,0,12,1,0,0
"csmith_out/csmith_output_179cebe042014ff9.c",12,1,1,0,12,1,0,0,20,3,2,0,20,3,0,0
"csmith_out/csmith_output_179cebe0f819f566.c",0,0,0,0,0,0,0,0,0,0,0,0,0,0,0,0
"csmith_out/csmith_output_179cebe1198f34c7.c",2,1,1,0,2,1,0,0,2,1,1,0,2,1,0,0
"csmith_out/csmith_output_179cebe143433236.c",1,0,0,0,1,0,0,0,8,7,7,0,8,7,0,0
"csmith_out/csmith_output_179cebe1e01816f4.c",1,1,1,0,1,1,0,0,1,1,1,0,1,1,0,0
"csmith_out/csmith_output_179cebe2089dc632.c",1,1,1,0,1,1,0,0,3,1,1,0,3,1,0,0
"csmith_out/csmith_output_179cebe22eaaaa67.c",8,1,1,0,8,1,0,0,13,1,1,0,13,1,0,0
"csmith_out/csmith_output_179cebe2db8c7f89.c",3,1,1,0,3,1,0,0,10,1,1,0,12,1,0,0
"csmith_out/csmith_output_179cebe34f542d90.c",11,1,1,0,11,1,0,0,12,2,2,1,12,2,0,1
"csmith_out/csmith_output_179cebe413b7e620.c",1,0,0,0,1,0,0,0,1,0,0,0,1,0,0,0
"csmith_out/csmith_output_179cebe4c2f410b0.c",7,1,1,0,7,1,0,0,16,1,1,0,16,1,0,0
"csmith_out/csmith_output_179cebe56e024234.c",14,1,1,0,14,1,0,0,29,2,2,0,29,2,0,0
"csmith_out/csmith_output_179cebe68e08570b.c",1,1,1,0,1,1,0,0,3,1,1,1,3,1,0,1
"csmith_out/csmith_output_179cebe6b87647af.c",12,1,1,12,12,1,0,9,10,1,1,13,10,1,0,13
"csmith_out/csmith_output_179cebe7a793de30.c",37,1,1,5,37,1,0,5,56,5,2,11,56,5,0,11
"csmith_out/csmith_output_179cebeb7cb9f227.c",6,1,1,1,6,1,0,1,10,3,1,1,10,3,0,1
"csmith_out/csmith_output_179cebec5d6d30f5.c",1,0,0,0,1,0,0,0,2,1,1,0,2,1,0,0
"csmith_out/csmith_output_179cebed11ee19cb.c",1,1,1,0,1,1,0,0,1,1,1,0,1,1,0,0
"csmith_out/csmith_output_179cebed3474b6b0.c",14,1,1,0,14,1,0,0,17,1,1,0,17,1,0,0
"csmith_out/csmith_output_179cebede14de93e.c",7,1,1,0,7,1,0,0,11,1,1,0,11,1,0,0
"csmith_out/csmith_output_179cebee4fb5296b.c",21,1,1,0,21,1,0,0,27,1,1,0,27,1,0,0
"csmith_out/csmith_output_179cebef657c7482.c",36,1,1,2,36,1,0,0,41,1,1,2,41,1,0,0
"csmith_out/csmith_output_179cebf14dbc694b.c",6,1,1,5,6,1,0,5,13,5,2,1,13,5,0,1
"csmith_out/csmith_output_179cebf1e5516893.c",19,1,1,0,19,1,0,0,23,1,1,0,23,1,0,0
"csmith_out/csmith_output_179cebf2cc528497.c",1,1,1,0,1,1,0,0,1,1,1,0,1,1,0,0
"csmith_out/csmith_output_179cebf2ed7c36d2.c",52,1,1,27,52,1,0,13,84,3,2,27,84,3,0,13
"csmith_out/csmith_output_179cebf742924069.c",3,1,1,0,3,1,0,0,10,1,1,0,10,1,0,0
"csmith_out/csmith_output_179cebf7d77efa04.c",7,1,1,0,7,1,0,0,9,1,1,0,9,1,0,0
"csmith_out/csmith_output_179cebf86dd953b1.c",7,2,1,4,7,2,0,4,11,3,1,4,11,3,0,4
"csmith_out/csmith_output_179cebf9212233bc.c",2,1,1,0,2,1,0,0,10,1,1,0,11,1,0,0
"csmith_out/csmith_output_179cebf9acaf6200.c",10,1,1,6,10,1,0,6,14,3,3,2,14,3,0,2
"csmith_out/csmith_output_179cebfa41e0af68.c",1,1,1,0,1,1,0,0,1,1,1,0,1,1,0,0
"csmith_out/csmith_output_179cebfa670227c2.c",7,1,1,1,7,1,0,1,9,1,1,1,9,1,0,1
"csmith_out/csmith_output_179cebfb38ff46b0.c",1,1,1,0,1,1,0,0,2,1,1,0,2,1,0,0
"csmith_out/csmith_output_179cebfb5c9c9215.c",5,1,1,0,5,1,0,0,14,1,1,0,14,1,0,0
"csmith_out/csmith_output_179cebfc6ebaee7d.c",18,1,1,0,18,1,0,0,27,1,1,0,27,1,0,0
"csmith_out/csmith_output_179cebfde9351047.c",14,1,1,3,14,1,0,3,52,31,1,2,52,31,0,2
"csmith_out/csmith_output_179cebff14738fa4.c",16,1,1,0,16,1,0,0,26,1,1,0,26,1,0,0
"csmith_out/csmith_output_179cec008e882303.c",1,1,1,0,1,1,0,0,1,1,1,0,1,1,0,0
"csmith_out/csmith_output_179cec00b3eeae54.c",17,1,1,0,17,1,0,0,21,1,1,0,21,1,0,0
"csmith_out/csmith_output_179cec01c7e800c0.c",15,1,1,0,15,1,0,0,25,1,1,0,25,1,0,0
"csmith_out/csmith_output_179cec03cb16d138.c",5,1,1,0,5,1,0,0,11,1,1,0,12,1,0,0
"csmith_out/csmith_output_179cec04847f6863.c",25,1,1,1,25,1,0,0,34,1,1,1,34,1,0,0
"csmith_out/csmith_output_179cec07d2c36fe7.c",20,1,1,0,20,1,0,0,27,1,1,0,27,1,0,0
"csmith_out/csmith_output_179cec08b9dab5f9.c",12,1,1,0,12,1,0,0,17,1,1,0,17,1,0,0
"csmith_out/csmith_output_179cec0968ff246c.c",3,0,0,1,3,0,0,1,4,1,0,0,4,1,0,0
"csmith_out/csmith_output_179cec0a315ccb7c.c",7,1,1,0,7,1,0,0,11,1,1,0,12,1,0,0
"csmith_out/csmith_output_179cec0b0c1435db.c",17,1,1,0,17,1,0,0,21,1,1,0,21,1,0,0
"csmith_out/csmith_output_179cec0be02edc33.c",12,1,1,0,12,1,0,0,11,1,1,0,11,1,0,0
"csmith_out/csmith_output_179cec0ca074c058.c",4,1,1,2,4,1,0,2,11,2,1,1,12,2,0,1
"csmith_out/csmith_output_179cec0d6817c379.c",9,1,1,0,9,1,0,0,17,1,1,0,17,1,0,0
"csmith_out/csmith_output_179cec0e18e63499.c",11,1,1,0,11,1,0,0,21,2,2,0,21,2,0,0
"csmith_out/csmith_output_179cec0f6f3c03c7.c",7,1,1,0,7,1,0,0,20,1,1,0,20,1,0,0
"csmith_out/csmith_output_179cec0ff89772ac.c",1,1,1,0,1,1,0,0,1,1,1,0,1,1,0,0
"csmith_out/csmith_output_179cec1020c99b3c.c",1,1,1,0,1,1,0,0,3,1,1,0,3,1,0,0
"csmith_out/csmith_output_179cec104acb74b9.c",11,1,1,0,11,1,0,0,14,1,1,0,14,1,0,0
"csmith_out/csmith_output_179cec110808a063.c",1,0,0,0,1,0,0,0,1,0,0,0,1,0,0,0
"csmith_out/csmith_output_179cec1159213f79.c",6,1,1,0,6,1,0,0,12,1,1,0,12,1,0,0
"csmith_out/csmith_output_179cec1200d4e3bf.c",18,1,1,0,18,1,0,0,19,1,1,0,19,1,0,0
"csmith_out/csmith_output_179cec13647b3fde.c",15,1,1,0,15,1,0,0,21,1,1,0,21,1,0,0
"csmith_out/csmith_output_179cec14cc5ac2f5.c",9,1,1,0,9,1,0,0,10,1,1,0,10,1,0,0
"csmith_out/csmith_output_179cec157c6b152a.c",12,1,1,0,12,1,0,0,19,1,1,0,19,1,0,0
"csmith_out/csmith_output_179cec16001d01f3.c",0,0,0,0,0,0,0,0,0,0,0,0,0,0,0,0
"csmith_out/csmith_output_179cec161d6dea98.c",8,1,1,0,8,1,0,0,11,1,1,0,12,1,0,0
"csmith_out/csmith_output_179cec16a569eb5f.c",19,1,1,5,19,1,0,5,35,5,5,3,35,5,0,3
"csmith_out/csmith_output_179cec18484e7cc2.c",11,1,1,0,11,1,0,0,12,2,2,0,12,2,0,0
"csmith_out/csmith_output_179cec18fc3c7c1a.c",1,1,1,0,1,1,0,0,3,1,1,0,3,1,0,0
"csmith_out/csmith_output_179cec1926de2b45.c",9,1,1,2,9,1,0,2,21,1,1,2,21,1,0,2
"csmith_out/csmith_output_179cec1a496d37d1.c",18,1,1,0,18,1,0,0,35,1,1,0,35,1,0,0
"csmith_out/csmith_output_179cec1b6fc25d86.c",13,1,1,0,13,1,0,0,14,1,1,0,14,1,0,0
"csmith_out/csmith_output_179cec1cae2d37f6.c",0,0,0,0,0,0,0,0,0,0,0,0,0,0,0,0
"csmith_out/csmith_output_179cec1ccb2572a2.c",12,1,1,16,12,1,0,14,16,3,1,12,16,3,0,10
"csmith_out/csmith_output_179cec1d9840a237.c",11,1,1,0,11,1,0,0,47,37,1,0,47,37,0,0
"csmith_out/csmith_output_179cec1e4b4883a2.c",1,1,1,0,1,1,0,0,3,1,1,0,3,1,0,0
"csmith_out/csmith_output_179cec1e770f9ecb.c",11,1,1,0,11,1,0,0,11,1,1,0,12,1,0,0
"csmith_out/csmith_output_179cec1fa06a8998.c",1,1,1,0,1,1,0,0,1,1,1,0,1,1,0,0
"csmith_out/csmith_output_179cec1fc250ffa7.c",1,0,0,1,1,0,0,1,2,1,1,0,2,1,0,0
"csmith_out/csmith_output_179cec20700d0d85.c",4,1,1,0,4,1,0,0,11,1,1,0,11,1,0,0
"csmith_out/csmith_output_179cec21483ecc81.c",1,1,1,0,1,1,0,0,1,1,1,0,1,1,0,0
"csmith_out/csmith_output_179cec216b8b0314.c",12,1,1,0,12,1,0,0,14,2,2,0,14,2,0,0
"csmith_out/csmith_output_179cec221e0b2b43.c",32,1,1,0,32,1,0,0,19,3,3,7,19,3,0,8
"csmith_out/csmith_output_179cec236a573613.c",11,1,1,0,11,1,0,0,21,1,1,0,21,1,0,0
"csmith_out/csmith_output_179cec24836d9743.c",5,1,1,0,5,1,0,0,10,1,1,0,10,1,0,0
"csmith_out/csmith_output_179cec253cbc41ec.c",21,1,1,0,21,1,0,0,24,1,1,0,24,1,0,0
"csmith_out/csmith_output_179cec2629b9e1e9.c",1,1,1,0,1,1,0,0,1,1,1,0,1,1,0,0
"csmith_out/csmith_output_179cec264ddcb334.c",6,1,1,0,6,1,0,0,15,1,1,0,15,1,0,0
"csmith_out/csmith_output_179cec2720a84abf.c",7,1,1,0,7,1,0,0,18,1,1,0,18,1,0,0
"csmith_out/csmith_output_179cec27bb0a88c1.c",9,1,1,2,9,1,0,2,15,9,1,2,15,9,0,2
"csmith_out/csmith_output_179cec285572e31c.c",4,1,1,0,4,1,0,0,10,1,1,0,11,1,0,0
"csmith_out/csmith_output_179cec28cd247384.c",12,1,1,0,12,1,0,0,22,1,1,0,22,1,0,0
"csmith_out/csmith_output_179cec29b2d9ee81.c",5,1,1,0,5,1,0,0,7,2,1,0,7,2,0,0
"csmith_out/csmith_output_179cec2a22c52320.c",12,1,1,0,12,1,0,0,14,2,2,0,14,2,0,0
"csmith_out/csmith_output_179cec2ab994a287.c",25,1,1,1,25,1,0,0,46,3,2,2,46,3,0,2
"csmith_out/csmith_output_179cec2c4688bd28.c",14,1,1,2,14,1,0,2,10,1,1,2,11,1,0,2
"csmith_out/csmith_output_179cec2ce4811b54.c",3,0,0,0,3,0,0,0,3,0,0,0,3,0,0,0
"csmith_out/csmith_output_179cec2de42272c7.c",1,1,1,0,1,1,0,0,1,1,1,0,1,1,0,0
"csmith_out/csmith_output_179cec2e05445c1b.c",1,0,0,0,1,0,0,0,2,1,1,0,2,1,0,0
"csmith_out/csmith_output_179cec2ea17b4c16.c",6,1,1,0,6,1,0,0,13,1,1,0,13,1,0,0
"csmith_out/csmith_output_179cec2f491bdd1a.c",10,1,1,0,10,1,0,0,16,1,1,0,16,1,0,0
"csmith_out/csmith_output_179cec3042135c93.c",15,1,1,0,15,1,0,0,23,3,3,0,23,3,0,0
"csmith_out/csmith_output_179cec3187b973a5.c",0,0,0,0,0,0,0,0,0,0,0,0,0,0,0,0
"csmith_out/csmith_output_179cec31a6910186.c",1,1,1,0,1,1,0,0,11,1,1,0,11,1,0,0
"csmith_out/csmith_output_179cec321659515d.c",1,0,0,0,1,0,0,0,1,0,0,0,1,0,0,0
"csmith_out/csmith_output_179cec324e2c09a9.c",7,1,1,0,7,1,0,0,15,1,1,0,15,1,0,0
"csmith_out/csmith_output_179cec32e1032757.c",28,1,1,0,28,1,0,0,30,1,1,0,30,1,0,0
"csmith_out/csmith_output_179cec355171319a.c",9,1,1,2,9,1,0,2,11,1,1,0,12,1,0,0
"csmith_out/csmith_output_179cec35ee071ec5.c",9,1,1,0,9,1,0,0,12,1,1,0,12,1,0,0
"csmith_out/csmith_output_179cec36a9a5b69c.c",15,1,1,0,15,1,0,0,26,2,2,0,26,2,0,0
"csmith_out/csmith_output_179cec37c31ffa5d.c",12,1,1,0,12,1,0,0,16,1,1,0,16,1,0,0
"csmith_out/csmith_output_179cec38c6049cc7.c",16,1,1,0,16,1,0,0,31,1,1,12,31,1,0,6
"csmith_out/csmith_output_179cec3a20ebf6c5.c",9,1,1,2,9,1,0,2,13,1,1,2,13,1,0,2
"csmith_out/csmith_output_179cec3ab5313873.c",5,1,1,0,5,1,0,0,19,2,1,1,19,2,0,1
"csmith_out/csmith_output_179cec3bd49f5432.c",13,1,1,0,13,1,0,0,17,1,1,0,17,1,0,0
"csmith_out/csmith_output_179cec3c79357cad.c",12,1,1,0,12,1,0,0,22,1,1,0,22,1,0,0
"csmith_out/csmith_output_179cec3d7e015eda.c",13,1,1,0,13,1,0,0,11,3,3,0,11,3,0,0
"csmith_out/csmith_output_179cec3e0b4bbe81.c",2,1,1,0,2,1,0,0,10,1,1,0,10,1,0,0
"csmith_out/csmith_output_179cec3e6e6f4904.c",3,1,1,0,3,1,0,0,6,1,1,0,6,1,0,0
"csmith_out/csmith_output_179cec3eb28550c6.c",0,0,0,0,0,0,0,0,0,0,0,0,0,0,0,0
"csmith_out/csmith_output_179cec3ecfe14ea1.c",3,1,1,0,3,1,0,0,3,1,1,0,3,1,0,0
"csmith_out/csmith_output_179cec3ef85ff728.c",16,1,1,0,16,1,0,0,15,1,1,0,15,1,0,0
"csmith_out/csmith_output_179cec403f7da3f6.c",11,1,1,0,11,1,0,0,23,1,1,0,23,1,0,0
"csmith_out/csmith_output_179cec416b0ba2a4.c",1,1,1,0,1,1,0,0,1,1,1,0,1,1,0,0
"csmith_out/csmith_output_179cec418e690cec.c",1,0,0,0,1,0,0,0,1,0,0,0,1,0,0,0
"csmith_out/csmith_output_179cec4251c3c027.c",12,1,1,10,12,1,0,10,1,0,0,0,1,0,0,0
"csmith_out/csmith_output_179cec4311a1b4d0.c",16,1,1,0,16,1,0,0,13,1,1,0,13,1,0,0
"csmith_out/csmith_output_179cec438cc093d0.c",3,1,1,0,3,1,0,0,13,1,1,0,13,1,0,0
"csmith_out/csmith_output_179cec4415bc3d40.c",11,1,1,0,11,1,0,0,18,1,1,0,18,1,0,0
"csmith_out/csmith_output_179cec457695f60a.c",10,1,1,0,10,1,0,0,19,1,1,0,19,1,0,0
"csmith_out/csmith_output_179cec464b98495a.c",12,1,1,1,12,1,0,1,18,5,2,0,18,5,0,0
"csmith_out/csmith_output_179cec46db6d1408.c",21,1,1,0,21,1,0,0,31,1,1,0,31,1,0,0
"csmith_out/csmith_output_179cec4827715c90.c",2,1,1,0,2,1,0,0,2,1,1,0,2,1,0,0
"csmith_out/csmith_output_179cec484d9005fa.c",1,1,1,0,1,1,0,0,1,1,1,0,1,1,0,0
"csmith_out/csmith_output_179cec4873a19284.c",19,1,1,0,19,1,0,0,23,1,1,0,23,1,0,0
"csmith_out/csmith_output_179cec49825667cd.c",10,1,1,1,10,1,0,1,16,1,1,1,16,1,0,1
"csmith_out/csmith_output_179cec4a2403eb41.c",1,1,1,0,1,1,0,0,8,1,1,0,8,1,0,0
"csmith_out/csmith_output_179cec4a7e6945bd.c",4,1,1,2,4,1,0,2,10,1,1,2,10,1,0,2
"csmith_out/csmith_output_179cec4aca91d52c.c",10,1,1,0,10,1,0,0,12,2,1,0,12,2,0,0
"csmith_out/csmith_output_179cec4b5b64d58f.c",3,0,0,1,3,0,0,1,3,0,0,2,3,0,0,2
"csmith_out/csmith_output_179cec4c701b1dd8.c",20,1,1,0,19,1,0,0,30,1,1,0,30,1,0,0
"csmith_out/csmith_output_179cec4d8657cb05.c",16,1,1,1,16,1,0,1,13,1,1,1,13,1,0,1
"csmith_out/csmith_output_179cec4e2e0d7e6e.c",7,1,1,0,7,1,0,0,16,3,2,0,16,3,0,0
"csmith_out/csmith_output_179cec4eb401127e.c",10,1,1,3,10,1,0,1,13,3,3,3,13,3,0,3
"csmith_out/csmith_output_179cec4f3f631890.c",27,1,1,19,27,1,0,17,2,0,0,0,2,0,0,0
"csmith_out/csmith_output_179cec504aace809.c",14,1,1,0,14,1,0,0,18,1,1,0,18,1,0,0
"csmith_out/csmith_output_179cec5115e70669.c",15,1,1,3,15,1,0,3,18,5,5,1,18,5,0,1
"csmith_out/csmith_output_179cec52416ac21b.c",3,1,1,0,3,1,0,0,3,1,1,0,3,1,0,0
"csmith_out/csmith_output_179cec52680ea9de.c",11,1,1,0,11,1,0,0,12,1,1,0,12,1,0,0
"csmith_out/csmith_output_179cec532c6ddc7a.c",16,1,1,3,16,1,0,2,20,2,2,2,20,2,0,1
"csmith_out/csmith_output_179cec546670e277.c",36,1,1,0,36,1,0,0,2,0,0,0,2,0,0,0
"csmith_out/csmith_output_179cec5666ec29dd.c",8,1,1,0,8,1,0,0,17,2,1,0,17,2,0,0
"csmith_out/csmith_output_179cec574ffe49bc.c",24,1,1,14,23,1,0,14,26,2,1,2,26,2,0,2
"csmith_out/csmith_output_179cec58498942fe.c",14,1,1,3,14,1,0,3,16,1,1,3,16,1,0,3
"csmith_out/csmith_output_179cec5993738a85.c",1,1,1,0,1,1,0,0,1,1,1,0,1,1,0,0
"csmith_out/csmith_output_179cec59b3d19cf8.c",1,1,1,0,1,1,0,0,1,1,1,0,1,1,0,0
"csmith_out/csmith_output_179cec59d57bd538.c",9,1,1,0,9,1,0,0,13,2,2,0,13,2,0,0
"csmith_out/csmith_output_179cec5a2f90d812.c",12,1,1,0,12,1,0,0,22,1,1,0,22,1,0,0
"csmith_out/csmith_output_179cec5af23c44b1.c",16,1,1,0,16,1,0,0,26,1,1,0,26,1,0,0
"csmith_out/csmith_output_179cec5bdf3e7661.c",16,1,1,0,16,1,0,0,25,1,1,0,25,1,0,0
"csmith_out/csmith_output_179cec5d34911f37.c",1,0,0,2,1,0,0,2,11,2,2,1,12,2,0,1
"csmith_out/csmith_output_179cec5db5345b56.c",1,1,1,2,1,1,0,2,1,0,0,0,1,0,0,0
"csmith_out/csmith_output_179cec5df45f82c9.c",0,0,0,0,0,0,0,0,0,0,0,0,0,0,0,0
"csmith_out/csmith_output_179cec5e11b286f4.c",12,1,1,0,12,1,0,0,19,1,1,0,19,1,0,0
"csmith_out/csmith_output_179cec5ee03aa317.c",5,1,1,0,5,1,0,0,11,2,1,0,12,2,0,0
"csmith_out/csmith_output_179cec5fb338740f.c",17,1,1,0,17,1,0,0,24,1,1,0,24,1,0,0
"csmith_out/csmith_output_179cec60efff7627.c",26,1,1,5,26,1,0,6,35,7,5,10,35,7,0,10
"csmith_out/csmith_output_179cec62b70800df.c",13,1,1,0,13,1,0,0,19,3,1,0,19,3,0,0
"csmith_out/csmith_output_179cec63615fb6e0.c",21,1,1,0,21,1,0,0,29,1,1,0,29,1,0,0
"csmith_out/csmith_output_179cec6454d17ee3.c",51,1,1,0,52,1,0,0,54,1,1,0,54,1,0,0
"csmith_out/csmith_output_179cec673a6847e4.c",14,1,1,3,14,1,0,3,21,2,2,3,21,2,0,3
"csmith_out/csmith_output_179cec688cb610c1.c",8,1,1,0,8,1,0,0,12,1,1,0,12,1,0,0
"csmith_out/csmith_output_179cec69340810f8.c",24,1,1,4,24,1,0,4,22,2,1,4,22,2,0,4
"csmith_out/csmith_output_179cec6a1d417065.c",17,1,1,1,17,1,0,1,26,5,3,2,26,5,0,2
"csmith_out/csmith_output_179cec6b8487d524.c",1,1,1,0,1,1,0,0,1,1,1,0,1,1,0,0
"csmith_out/csmith_output_179cec6bac5db731.c",15,1,1,7,15,1,0,7,19,3,2,2,19,3,0,2
"csmith_out/csmith_output_179cec6cbd0dbf90.c",22,1,1,0,22,1,0,0,30,1,1,0,30,1,0,0
"csmith_out/csmith_output_179cec6e225d3fe6.c",4,1,1,0,4,1,0,0,22,1,1,0,22,1,0,0
"csmith_out/csmith_output_179cec70239761e7.c",4,1,1,1,4,1,0,1,11,2,2,1,11,2,0,1
"csmith_out/csmith_output_179cec712bf7f150.c",27,1,1,0,27,1,0,0,31,1,1,0,31,1,0,0
"csmith_out/csmith_output_179cec72630368f5.c",1,0,0,0,1,0,0,0,1,0,0,0,1,0,0,0
"csmith_out/csmith_output_179cec72eaabe8df.c",6,1,1,0,6,1,0,0,16,4,1,0,16,4,0,0
"csmith_out/csmith_output_179cec73a0fa0bcf.c",4,1,1,1,4,1,0,1,10,2,1,1,11,2,0,1
"csmith_out/csmith_output_179cec74508a8b2f.c",10,1,1,0,10,1,0,0,24,1,1,1,24,1,0,1
"csmith_out/csmith_output_179cec756c37d25e.c",0,0,0,0,0,0,0,0,0,0,0,0,0,0,0,0
"csmith_out/csmith_output_179cec758ba94820.c",11,1,1,0,11,1,0,0,14,1,1,0,14,1,0,0
"csmith_out/csmith_output_179cec76d2a41712.c",10,1,1,0,10,1,0,0,10,1,1,0,10,1,0,0
"csmith_out/csmith_output_179cec775d38fd0c.c",6,1,1,0,6,1,0,0,13,1,1,0,13,1,0,0
"csmith_out/csmith_output_179cec77fb44fd56.c",12,1,1,0,12,1,0,0,11,1,1,0,12,1,0,0
"csmith_out/csmith_output_179cec787dc84be4.c",1,0,0,0,1,0,0,0,1,0,0,0,1,0,0,0
"csmith_out/csmith_output_179cec79b24ee291.c",3,0,0,0,3,0,0,0,3,0,0,0,3,0,0,0
"csmith_out/csmith_output_179cec7a6fc3cb92.c",11,1,1,0,11,1,0,0,9,1,1,0,9,1,0,0
"csmith_out/csmith_output_179cec7accf75bd5.c",4,1,1,0,4,1,0,0,2,1,1,0,2,1,0,0
"csmith_out/csmith_output_179cec7af5bbff0f.c",18,1,1,1,18,1,0,1,29,3,2,0,29,3,0,0
"csmith_out/csmith_output_179cec7c7641b3ed.c",12,1,1,0,12,1,0,0,15,1,1,0,15,1,0,0
"csmith_out/csmith_output_179cec7d1d2f23a6.c",3,1,1,0,3,1,0,0,6,1,1,0,6,1,0,0
"csmith_out/csmith_output_179cec7d493e024d.c",15,1,1,1,15,1,0,1,4,2,0,1,4,2,0,1
"csmith_out/csmith_output_179cec7dd150fda9.c",17,1,1,0,17,1,0,0,34,1,1,0,34,1,0,0
"csmith_out/csmith_output_179cec7e9d68af77.c",3,1,1,0,3,1,0,0,7,1,1,0,7,1,0,0
"csmith_out/csmith_output_179cec7ef4f38f44.c",11,1,1,0,11,1,0,0,14,1,1,0,14,1,0,0
"csmith_out/csmith_output_179cec7f5c4c09b8.c",17,1,1,0,19,1,0,0,26,3,2,0,26,3,0,0
"csmith_out/csmith_output_179cec80ff7f1649.c",16,1,1,0,16,1,0,0,26,1,1,0,26,1,0,0
"csmith_out/csmith_output_179cec81e192d90a.c",42,1,1,0,42,1,0,0,46,1,1,0,46,1,0,0
"csmith_out/csmith_output_179cec84931c2c7b.c",10,1,1,0,10,1,0,0,14,1,1,0,14,1,0,0
"csmith_out/csmith_output_179cec8523817020.c",27,1,1,0,27,1,0,0,24,1,1,0,24,1,0,0
"csmith_out/csmith_output_179cec85f3ad0f60.c",13,1,1,1,13,1,0,1,14,2,2,0,14,2,0,0
"csmith_out/csmith_output_179cec869ada77db.c",18,1,1,0,18,1,0,0,26,1,1,0,26,1,0,0
"csmith_out/csmith_output_179cec87d4c3c602.c",6,1,1,0,6,1,0,0,10,1,1,0,11,1,0,0
"csmith_out/csmith_output_179cec884479166a.c",1,1,1,0,1,1,0,0,1,1,1,0,1,1,0,0
"csmith_out/csmith_output_179cec886c59d4b1.c",17,1,1,0,17,1,0,0,25,1,1,0,25,1,0,0
"csmith_out/csmith_output_179cec89a255ab58.c",11,1,1,0,10,1,0,0,18,1,1,0,18,1,0,0
"csmith_out/csmith_output_179cec8abea5eed0.c",19,1,1,0,19,1,0,0,28,1,1,0,28,1,0,0
"csmith_out/csmith_output_179cec8c57f1b5ec.c",14,1,1,0,14,1,0,0,15,1,1,0,15,1,0,0
"csmith_out/csmith_output_179cec8d6211f74d.c",1,0,0,0,1,0,0,0,1,0,0,0,1,0,0,0
"csmith_out/csmith_output_179cec8e250919ec.c",12,1,1,0,12,1,0,0,20,1,1,0,20,1,0,0
"csmith_out/csmith_output_179cec8ed2021bf2.c",3,0,0,2,3,0,0,1,4,1,1,3,4,1,0,3
"csmith_out/csmith_output_179cec8f979c70e5.c",0,0,0,0,0,0,0,0,0,0,0,0,0,0,0,0
"csmith_out/csmith_output_179cec8fba7b2f7e.c",36,1,1,1,36,1,0,1,45,1,1,1,45,1,0,1
"csmith_out/csmith_output_179cec9289eb9659.c",14,1,1,0,14,1,0,0,21,1,1,0,21,1,0,0
"csmith_out/csmith_output_179cec937570134a.c",5,1,1,0,5,1,0,0,8,1,1,0,8,1,0,0
"csmith_out/csmith_output_179cec93f43d24c8.c",12,1,1,0,12,1,0,0,20,1,1,0,20,1,0,0
"csmith_out/csmith_output_179cec94f22fff02.c",8,1,1,0,8,1,0,0,11,1,1,0,12,1,0,0
"csmith_out/csmith_output_179cec9581c1dea2.c",28,1,1,1,28,1,0,4,37,2,2,2,37,2,0,3
"csmith_out/csmith_output_179cec9784a7674e.c",11,1,1,0,11,1,0,0,10,1,1,0,10,1,0,0
"csmith_out/csmith_output_179cec981afb89e3.c",7,1,1,0,7,1,0,0,12,1,1,0,12,1,0,0
"csmith_out/csmith_output_179cec98a264ce3b.c",9,1,1,0,9,1,0,0,10,1,1,0,10,1,0,0
"csmith_out/csmith_output_179cec99586fdb52.c",2,1,1,0,2,1,0,0,2,1,1,0,2,1,0,0
"csmith_out/csmith_output_179cec9983fd8d5b.c",19,1,1,0,19,1,0,0,34,1,1,0,34,1,0,0
"csmith_out/csmith_output_179cec9ac127fc25.c",15,1,1,0,15,1,0,0,16,1,1,0,16,1,0,0
"csmith_out/csmith_output_179cec9b9a01ee4b.c",7,1,1,0,7,1,0,0,9,1,1,0,9,1,0,0
"csmith_out/csmith_output_179cec9c1523ee64.c",0,0,0,0,0,0,0,0,0,0,0,0,0,0,0,0
"csmith_out/csmith_output_179cec9c469c80c7.c",9,1,1,3,9,1,0,3,1,1,0,0,1,1,0,0
"csmith_out/csmith_output_179cec9ce0e6c44c.c",1,1,1,0,1,1,0,0,1,1,1,0,1,1,0,0
"csmith_out/csmith_output_179cec9d037071f2.c",22,1,1,0,22,1,0,0,23,1,1,0,23,1,0,0
"csmith_out/csmith_output_179cec9e5203ad2b.c",6,1,1,0,6,1,0,0,19,1,1,0,19,1,0,0
"csmith_out/csmith_output_179cec9f275a0d66.c",14,1,1,0,14,1,0,0,18,1,1,0,18,1,0,0
"csmith_out/csmith_output_179cec9ffee7a613.c",9,1,1,0,9,1,0,0,16,1,1,0,16,1,0,0
"csmith_out/csmith_output_179ceca139079a6c.c",9,1,1,15,9,1,0,15,28,1,1,15,28,1,0,15
"csmith_out/csmith_output_179ceca2ff2d133c.c",17,1,1,1,17,1,0,1,23,1,1,1,23,1,0,1
"csmith_out/csmith_output_179ceca3d4392abf.c",4,1,1,0,4,1,0,0,2,1,1,0,2,1,0,0
"csmith_out/csmith_output_179ceca3f9b1af47.c",18,1,1,5,18,1,0,5,21,1,1,5,21,1,0,5
"csmith_out/csmith_output_179ceca5fe04fb3c.c",10,1,1,0,10,1,0,0,15,1,1,0,15,1,0,0
"csmith_out/csmith_output_179ceca6877a42dc.c",14,1,1,0,14,1,0,0,24,1,1,0,24,1,0,0
"csmith_out/csmith_output_179ceca7fa0f3bf8.c",25,1,1,0,25,1,0,0,39,1,1,0,39,1,0,0
"csmith_out/csmith_output_179ceca97f38f9c9.c",5,1,1,0,5,1,0,0,11,1,1,0,11,1,0,0
"csmith_out/csmith_output_179cecaa08543185.c",1,1,1,0,1,1,0,0,1,1,1,0,1,1,0,0
"csmith_out/csmith_output_179cecaa2968ca00.c",19,1,1,0,19,1,0,0,29,1,1,0,29,1,0,0
"csmith_out/csmith_output_179cecab4457e52d.c",0,0,0,0,0,0,0,0,0,0,0,0,0,0,0,0
"csmith_out/csmith_output_179cecab6028afac.c",1,1,1,0,1,1,0,0,1,1,1,0,1,1,0,0
"csmith_out/csmith_output_179cecab805dae91.c",6,1,1,0,6,1,0,0,15,1,1,0,15,1,0,0
"csmith_out/csmith_output_179cecac531edb3d.c",10,1,1,0,10,1,0,0,19,1,1,0,19,1,0,0
"csmith_out/csmith_output_179cecad473c086f.c",11,1,1,4,11,1,0,3,12,1,1,4,12,1,0,3
"csmith_out/csmith_output_179cecae0566edef.c",10,1,1,0,10,1,0,0,12,1,1,0,12,1,0,0
"csmith_out/csmith_output_179cecae8d85d526.c",40,1,1,5,36,1,0,7,38,1,1,5,34,1,0,7
"csmith_out/csmith_output_179cecb1112b40f7.c",16,1,1,0,16,1,0,0,12,1,1,0,12,1,0,0
"csmith_out/csmith_output_179cecb1c83479f3.c",8,1,1,1,8,1,0,1,15,1,1,1,15,1,0,1
"csmith_out/csmith_output_179cecb2521e56ba.c",29,1,1,48,29,1,0,45,32,2,1,49,32,2,0,49
"csmith_out/csmith_output_179cecb670840f59.c",11,1,1,2,11,1,0,2,22,1,1,2,22,1,0,2
"csmith_out/csmith_output_179cecb77927e95c.c",12,1,1,0,12,1,0,0,27,3,3,0,27,3,0,0
"csmith_out/csmith_output_179cecb8eabe0acf.c",14,1,1,0,14,1,0,0,25,2,2,1,25,2,0,1
"csmith_out/csmith_output_179cecb9eb9c57a5.c",12,1,1,0,12,1,0,0,21,2,2,1,21,2,0,1
"csmith_out/csmith_output_179cecba9f119eb0.c",20,1,1,0,20,1,0,0,33,1,1,0,33,1,0,0
"csmith_out/csmith_output_179cecbba075dbcc.c",3,1,1,0,3,1,0,0,10,1,1,0,10,1,0,0
"csmith_out/csmith_output_179cecbbf7b75aba.c",14,1,1,0,13,1,0,0,21,1,1,0,21,1,0,0
"csmith_out/csmith_output_179cecbde821338b.c",1,0,0,0,1,0,0,0,22,2,1,0,22,2,0,0
"csmith_out/csmith_output_179cecbeb5a1d0fc.c",10,1,1,0,10,1,0,0,12,1,1,0,12,1,0,0
"csmith_out/csmith_output_179cecbf8ef261a1.c",1,0,0,0,1,0,0,0,1,0,0,0,1,0,0,0
"csmith_out/csmith_output_179cecc08ebbde60.c",14,1,1,0,14,1,0,0,21,1,1,0,21,1,0,0
"csmith_out/csmith_output_179cecc1b7a0ff82.c",9,1,1,0,9,1,0,0,11,1,1,0,12,1,0,0
"csmith_out/csmith_output_179cecc26bf7377a.c",23,1,1,51,23,1,0,51,33,2,1,48,33,2,0,48
"csmith_out/csmith_output_179cecc415ec97cc.c",13,1,1,0,13,1,0,0,18,1,1,0,18,1,0,0
"csmith_out/csmith_output_179cecc4e9114150.c",21,1,1,0,21,1,0,0,23,1,1,0,23,1,0,0
"csmith_out/csmith_output_179cecc654336ea5.c",1,0,0,0,1,0,0,0,1,0,0,0,1,0,0,0
"csmith_out/csmith_output_179cecc6d3a0e5a4.c",9,1,1,0,9,1,0,0,11,1,1,0,11,1,0,0
"csmith_out/csmith_output_179cecc7788699a6.c",8,1,1,0,8,1,0,0,10,1,1,0,11,1,0,0
"csmith_out/csmith_output_179cecc800879e8a.c",8,1,1,0,8,1,0,0,14,2,2,0,14,2,0,0
"csmith_out/csmith_output_179cecc87cef7b77.c",12,1,1,0,12,1,0,0,15,2,2,0,15,2,0,0
"csmith_out/csmith_output_179cecc97c60d453.c",9,1,1,0,9,1,0,0,13,2,1,0,13,2,0,0
"csmith_out/csmith_output_179cecca4c09f92f.c",1,0,0,0,1,0,0,0,1,0,0,0,1,0,0,0
"csmith_out/csmith_output_179ceccae053611f.c",1,0,0,0,1,0,0,0,1,0,0,0,1,0,0,0
"csmith_out/csmith_output_179ceccb804181d9.c",15,1,1,0,15,1,0,0,19,1,1,0,19,1,0,0
"csmith_out/csmith_output_179ceccc3c535e63.c",2,1,1,0,2,1,0,0,2,1,1,0,2,1,0,0
"csmith_out/csmith_output_179ceccc61554c61.c",29,1,1,8,29,1,0,8,35,1,1,8,35,1,0,8
"csmith_out/csmith_output_179cecce8cf3c180.c",6,1,1,0,6,1,0,0,5,1,1,0,5,1,0,0
"csmith_out/csmith_output_179ceccef113ecac.c",12,1,1,0,12,1,0,0,14,1,1,0,14,1,0,0
"csmith_out/csmith_output_179ceccfe1d2363c.c",14,1,1,0,14,1,0,0,16,3,2,0,16,3,0,0
"csmith_out/csmith_output_179cecd0ea7d25bd.c",30,1,1,0,30,1,0,0,22,1,1,0,22,1,0,0
"csmith_out/csmith_output_179cecd1da4a1467.c",11,1,1,0,11,1,0,0,16,1,1,1,16,1,0,1
"csmith_out/csmith_output_179cecd2a4a911ac.c",22,1,1,3,22,1,0,3,39,4,2,2,39,4,0,2
"csmith_out/csmith_output_179cecd40de66dab.c",1,0,0,0,1,0,0,0,3,1,1,0,3,1,0,0
"csmith_out/csmith_output_179cecd4766400d1.c",4,1,1,0,4,1,0,0,10,1,1,0,10,1,0,0
"csmith_out/csmith_output_179cecd4ed313931.c",1,1,1,0,1,1,0,0,1,1,1,0,1,1,0,0
"csmith_out/csmith_output_179cecd5148e1760.c",4,0,0,0,4,0,0,0,4,0,0,0,4,0,0,0
"csmith_out/csmith_output_179cecd5b6298866.c",16,1,1,0,16,1,0,0,21,1,1,0,21,1,0,0
"csmith_out/csmith_output_179cecd767d68900.c",14,1,1,0,14,1,0,0,17,1,1,0,17,1,0,0
"csmith_out/csmith_output_179cecd840087a4c.c",1,1,1,0,1,1,0,0,1,1,1,0,1,1,0,0
"csmith_out/csmith_output_179cecd8646dd943.c",20,1,1,0,20,1,0,0,32,1,1,0,32,1,0,0
"csmith_out/csmith_output_179cecdaf08171d7.c",0,0,0,0,0,0,0,0,0,0,0,0,0,0,0,0
"csmith_out/csmith_output_179cecdb0fad41f0.c",9,1,1,0,9,1,0,0,12,1,1,0,12,1,0,0
"csmith_out/csmith_output_179cecdbabc30361.c",7,1,1,0,7,1,0,0,12,3,1,1,12,3,0,1
"csmith_out/csmith_output_179cecdc3ffded42.c",8,1,1,1,8,1,0,1,10,1,1,1,11,1,0,1
"csmith_out/csmith_output_179cecdcd3538409.c",4,1,1,0,4,1,0,0,12,1,1,0,12,1,0,0
"csmith_out/csmith_output_179cecdd6e7b5f15.c",1,0,0,0,1,0,0,0,1,0,0,0,1,0,0,0
"csmith_out/csmith_output_179cecde01033b15.c",7,1,1,0,7,1,0,0,15,1,1,0,15,1,0,0
"csmith_out/csmith_output_179cecdeb083032a.c",1,1,1,0,1,1,0,0,1,1,1,0,1,1,0,0
"csmith_out/csmith_output_179cecded14b8bb8.c",4,1,1,0,4,1,0,0,11,1,1,0,12,1,0,0
"csmith_out/csmith_output_179cecdf8e4dd517.c",13,1,1,0,13,1,0,0,29,1,1,0,29,1,0,0
"csmith_out/csmith_output_179cece106218bb9.c",3,1,1,0,3,1,0,0,11,4,3,0,11,4,0,0
"csmith_out/csmith_output_179cece151afe7e3.c",3,1,1,0,3,1,0,0,9,1,1,0,10,1,0,0
"csmith_out/csmith_output_179cece1c386faf2.c",14,1,1,0,14,1,0,0,19,1,1,0,19,1,0,0
"csmith_out/csmith_output_179cece282c8ab4b.c",13,1,1,0,13,1,0,0,23,1,1,0,23,1,0,0
"csmith_out/csmith_output_179cece3833c1850.c",1,0,0,0,1,0,0,0,1,0,0,0,1,0,0,0
"csmith_out/csmith_output_179cece443c8de08.c",6,1,1,2,6,1,0,2,9,2,1,2,9,2,0,2
"csmith_out/csmith_output_179cece4d25c7cac.c",12,1,1,0,12,1,0,0,12,1,1,0,12,1,0,0
"csmith_out/csmith_output_179cece59fb0bb0c.c",13,1,1,0,13,1,0,0,21,2,2,1,21,2,0,2
"csmith_out/csmith_output_179cece680d8f0c9.c",19,1,1,0,19,1,0,0,30,1,1,0,30,1,0,0
"csmith_out/csmith_output_179cece8779ec810.c",10,1,1,0,10,1,0,0,28,1,1,0,28,1,0,0
"csmith_out/csmith_output_179cece970a6e07a.c",14,1,1,0,14,1,0,0,10,1,1,0,11,1,0,0
"csmith_out/csmith_output_179cecea171ab675.c",12,1,1,0,12,1,0,0,12,1,1,0,12,1,0,0
"csmith_out/csmith_output_179ceceab835332a.c",9,1,1,0,9,1,0,0,16,1,1,0,16,1,0,0
"csmith_out/csmith_output_179ceceb6ea292af.c",2,1,1,0,2,1,0,0,2,1,1,0,2,1,0,0
"csmith_out/csmith_output_179ceceb9a9ff852.c",10,1,1,0,10,1,0,0,19,1,1,0,19,1,0,0
"csmith_out/csmith_output_179cecec79f64f0f.c",1,1,1,0,1,1,0,0,1,1,1,0,1,1,0,0
"csmith_out/csmith_output_179cececa1767a58.c",10,1,1,0,10,1,0,0,17,1,1,0,17,1,0,0
"csmith_out/csmith_output_179ceced542233b1.c",10,1,1,0,10,1,0,0,14,1,1,0,14,1,0,0
"csmith_out/csmith_output_179cecee02905704.c",5,1,1,0,5,1,0,0,13,1,1,0,13,1,0,0
"csmith_out/csmith_output_179cecee8c2d1066.c",32,1,1,0,32,1,0,0,39,1,1,0,39,1,0,0
"csmith_out/csmith_output_179cecf08514c14e.c",1,1,1,0,1,1,0,0,1,1,1,0,1,1,0,0
"csmith_out/csmith_output_179cecf0abf29493.c",24,1,1,12,23,1,0,12,24,1,1,12,24,1,0,12
"csmith_out/csmith_output_179cecf166ce888d.c",13,1,1,8,13,1,0,17,13,1,1,1,13,1,0,3
"csmith_out/csmith_output_179cecf227dec638.c",1,1,1,0,1,1,0,0,1,1,1,0,1,1,0,0
"csmith_out/csmith_output_179cecf25030f87b.c",16,1,1,0,16,1,0,0,25,1,1,0,25,1,0,0
"csmith_out/csmith_output_179cecf39ee8ac70.c",14,1,1,0,14,1,0,0,29,1,1,0,29,1,0,0
"csmith_out/csmith_output_179cecf4e47770e7.c",20,1,1,3,20,1,0,3,34,3,3,6,34,3,0,6
"csmith_out/csmith_output_179cecf7e78495ec.c",0,0,0,0,0,0,0,0,0,0,0,0,0,0,0,0
"csmith_out/csmith_output_179cecf809a65044.c",0,0,0,0,0,0,0,0,0,0,0,0,0,0,0,0
"csmith_out/csmith_output_179cecf82b11abf9.c",2,1,1,0,2,1,0,0,2,1,1,0,2,1,0,0
"csmith_out/csmith_output_179cecf85750eba5.c",12,1,1,0,12,1,0,0,10,2,1,1,10,2,0,1
"csmith_out/csmith_output_179cecf8e8292f9a.c",1,1,1,0,1,1,0,0,10,1,1,0,11,1,0,0
"csmith_out/csmith_output_179cecf9a7849a07.c",23,1,1,0,23,1,0,0,28,1,1,0,28,1,0,0
"csmith_out/csmith_output_179cecfafdc424ca.c",9,1,1,0,9,1,0,0,10,1,1,0,10,1,0,0
"csmith_out/csmith_output_179cecfbb77e5986.c",7,1,1,0,7,1,0,0,18,3,2,2,18,3,0,2
"csmith_out/csmith_output_179cecfcaedd9f1c.c",7,1,1,0,7,1,0,0,12,1,1,0,12,1,0,0
"csmith_out/csmith_output_179cecfd3b4f9597.c",11,1,1,0,11,1,0,0,23,1,1,0,23,1,0,0
"csmith_out/csmith_output_179cecfe276072b0.c",1,1,1,0,1,1,0,0,1,1,1,0,1,1,0,0
"csmith_out/csmith_output_179cecfe5140201f.c",2,1,1,0,2,1,0,0,8,1,1,0,8,1,0,0
"csmith_out/csmith_output_179cecfebedc7ee1.c",14,1,1,0,14,1,0,0,16,1,1,0,16,1,0,0
"csmith_out/csmith_output_179cecff73bb4acd.c",17,1,1,0,17,1,0,0,22,1,1,0,22,1,0,0
"csmith_out/csmith_output_179ced008be10d7b.c",16,1,1,0,16,1,0,0,28,1,1,0,28,1,0,0
"csmith_out/csmith_output_179ced0170770289.c",9,1,1,0,9,1,0,0,16,1,1,0,16,1,0,0
"csmith_out/csmith_output_179ced020f1da7f4.c",4,1,1,0,4,1,0,0,10,1,1,0,11,1,0,0
"csmith_out/csmith_output_179ced0294ab3ba2.c",1,1,1,0,1,1,0,0,3,1,1,0,3,1,0,0
"csmith_out/csmith_output_179ced02bd81e1a6.c",0,0,0,0,0,0,0,0,0,0,0,0,0,0,0,0
"csmith_out/csmith_output_179ced02e2356f96.c",38,1,1,1,38,1,0,1,46,3,1,0,46,3,0,0
"csmith_out/csmith_output_179ced054e8eb64f.c",8,1,1,0,8,1,0,0,15,1,1,0,15,1,0,0
"csmith_out/csmith_output_179ced05fdefcac9.c",13,1,1,1,13,1,0,1,10,2,2,1,10,2,0,1
"csmith_out/csmith_output_179ced067ff67d1b.c",9,1,1,0,9,1,0,0,15,1,1,0,15,1,0,0
"csmith_out/csmith_output_179ced075d66d92b.c",18,1,1,0,18,1,0,0,27,2,2,0,27,2,0,0
"csmith_out/csmith_output_179ced08a7b3e4c0.c",19,1,1,0,19,1,0,0,38,1,1,0,38,1,0,0
"csmith_out/csmith_output_179ced0a2394a41c.c",9,1,1,0,9,1,0,0,14,1,1,0,14,1,0,0
"csmith_out/csmith_output_179ced0aca913d56.c",6,1,1,0,6,1,0,0,14,4,3,1,14,4,0,1
"csmith_out/csmith_output_179ced0b966a8cdd.c",13,1,1,0,13,1,0,0,16,1,1,0,16,1,0,0
"csmith_out/csmith_output_179ced0c678f14f6.c",17,1,1,0,17,1,0,0,15,1,1,0,15,1,0,0
"csmith_out/csmith_output_179ced0d3a87b845.c",15,1,1,0,15,1,0,0,19,1,1,0,19,1,0,0
"csmith_out/csmith_output_179ced0e2fe8ad58.c",1,1,1,0,1,1,0,0,1,1,1,0,1,1,0,0
"csmith_out/csmith_output_179ced0e5881d16d.c",7,1,1,0,7,1,0,0,16,1,1,0,16,1,0,0
"csmith_out/csmith_output_179ced0f0df561b5.c",18,1,1,0,18,1,0,0,17,1,1,0,17,1,0,0
"csmith_out/csmith_output_179ced0f9b0ac901.c",1,1,1,0,1,1,0,0,8,2,2,0,8,2,0,0
"csmith_out/csmith_output_179ced0ff4525792.c",10,1,1,0,10,1,0,0,10,1,1,0,11,1,0,0
"csmith_out/csmith_output_179ced10a80f0cc7.c",18,1,1,0,20,1,0,0,26,1,1,0,26,1,0,0
"csmith_out/csmith_output_179ced11980935a4.c",10,1,1,0,10,1,0,0,10,1,1,0,10,1,0,0
"csmith_out/csmith_output_179ced122849ea09.c",10,1,1,0,10,1,0,0,17,1,1,0,17,1,0,0
"csmith_out/csmith_output_179ced128a0cbad7.c",1,1,1,0,1,1,0,0,1,1,1,0,1,1,0,0
"csmith_out/csmith_output_179ced12b2c74a4f.c",11,1,1,1,11,1,0,1,14,1,1,1,14,1,0,1
"csmith_out/csmith_output_179ced13a6335fd7.c",22,1,1,3,22,1,0,3,34,2,2,3,34,2,0,3
"csmith_out/csmith_output_179ced158913e86d.c",25,1,1,0,25,1,0,0,34,1,1,0,34,1,0,0
"csmith_out/csmith_output_179ced18007ca3f0.c",13,1,1,1,13,1,0,1,24,2,1,1,24,2,0,1
"csmith_out/csmith_output_179ced18e08e8482.c",10,1,1,0,10,1,0,0,18,1,1,0,18,1,0,0
"csmith_out/csmith_output_179ced19e3b88fdc.c",12,1,1,0,12,1,0,0,14,1,1,0,14,1,0,0
"csmith_out/csmith_output_179ced1a750903c5.c",21,1,1,0,21,1,0,0,36,2,2,0,36,2,0,0
"csmith_out/csmith_output_179ced1c4d4da303.c",31,1,1,0,31,1,0,0,44,1,1,0,44,1,0,0
"csmith_out/csmith_output_179ced1de3e067a5.c",1,1,1,0,1,1,0,0,2,1,1,0,2,1,0,0
"csmith_out/csmith_output_179ced1e0ef394ae.c",1,1,1,0,1,1,0,0,3,1,1,0,3,1,0,0
"csmith_out/csmith_output_179ced1e36638ab8.c",8,1,1,0,8,1,0,0,10,1,1,0,10,1,0,0
"csmith_out/csmith_output_179ced1ed4d6991b.c",9,1,1,0,9,1,0,0,19,3,2,0,19,3,0,0
"csmith_out/csmith_output_179ced1fc0eca83f.c",9,1,1,0,9,1,0,0,15,6,5,0,15,6,0,0
"csmith_out/csmith_output_179ced20ad01115e.c",6,1,1,0,6,1,0,0,11,1,1,0,12,1,0,0
"csmith_out/csmith_output_179ced2150432ecb.c",10,1,1,0,10,1,0,0,19,1,1,0,19,1,0,0
"csmith_out/csmith_output_179ced21ec3b3375.c",1,1,1,0,1,1,0,0,3,1,1,0,3,1,0,0
"csmith_out/csmith_output_179ced2214d8fe98.c",8,1,1,0,8,1,0,0,13,1,1,0,13,1,0,0
"csmith_out/csmith_output_179ced229f53e564.c",3,1,1,0,3,1,0,0,3,1,1,0,3,1,0,0
"csmith_out/csmith_output_179ced22cdf17a0d.c",18,1,1,0,18,1,0,0,17,2,1,1,17,2,0,1
"csmith_out/csmith_output_179ced237a09f1b8.c",25,1,1,0,25,1,0,0,24,1,1,0,24,1,0,0
"csmith_out/csmith_output_179ced24674947ea.c",16,1,1,0,16,1,0,0,30,1,1,0,30,1,0,0
"csmith_out/csmith_output_179ced255b77141a.c",6,1,1,3,6,1,0,3,14,8,7,4,14,8,0,4
"csmith_out/csmith_output_179ced262a2d411b.c",5,1,1,0,5,1,0,0,11,1,1,0,12,1,0,0
"csmith_out/csmith_output_179ced269d438ec1.c",3,1,1,0,3,1,0,0,3,1,1,0,3,1,0,0
"csmith_out/csmith_output_179ced26c6658935.c",5,1,1,0,5,1,0,0,10,1,1,0,10,1,0,0
"csmith_out/csmith_output_179ced275ab7838e.c",0,0,0,0,0,0,0,0,0,0,0,0,0,0,0,0
"csmith_out/csmith_output_179ced277c6051df.c",23,1,1,0,23,1,0,0,38,1,1,0,38,1,0,0
"csmith_out/csmith_output_179ced2aa04e72df.c",2,1,1,0,2,1,0,0,9,2,1,0,9,2,0,0
"csmith_out/csmith_output_179ced2b5d98098c.c",6,1,1,0,6,1,0,0,13,1,1,0,13,1,0,0
"csmith_out/csmith_output_179ced2c483ac089.c",10,1,1,0,10,1,0,0,14,1,1,0,14,1,0,0
"csmith_out/csmith_output_179ced2d3e41f4f1.c",12,1,1,0,12,1,0,0,19,1,1,0,19,1,0,0
"csmith_out/csmith_output_179ced2e1880c89d.c",6,1,1,0,6,1,0,0,12,1,1,0,12,1,0,0
"csmith_out/csmith_output_179ced2e94662c07.c",7,1,1,0,7,1,0,0,10,1,1,0,10,1,0,0
"csmith_out/csmith_output_179ced2f3094b027.c",18,1,1,3,18,1,0,3,22,1,1,3,22,1,0,3
"csmith_out/csmith_output_179ced3247475ed6.c",13,1,1,0,13,1,0,0,21,1,1,0,21,1,0,0
"csmith_out/csmith_output_179ced331da1c503.c",14,1,1,3,14,1,0,3,25,1,1,2,25,1,0,2
"csmith_out/csmith_output_179ced33d168c7b1.c",16,1,1,1,17,1,0,5,26,4,2,1,26,4,0,0
"csmith_out/csmith_output_179ced367079ca0b.c",3,1,1,0,3,1,0,0,13,1,1,0,13,1,0,0
"csmith_out/csmith_output_179ced37253fbfb7.c",4,1,1,0,4,1,0,0,10,2,2,0,11,2,0,0
"csmith_out/csmith_output_179ced37ba908264.c",11,1,1,0,11,1,0,0,29,1,1,0,29,1,0,0
"csmith_out/csmith_output_179ced38be578dfa.c",4,1,1,0,4,1,0,0,10,1,1,0,11,1,0,0
"csmith_out/csmith_output_179ced394d3eb42b.c",4,1,1,0,4,1,0,0,10,1,1,0,10,1,0,0
"csmith_out/csmith_output_179ced39c3bfbf68.c",17,1,1,0,17,1,0,0,24,3,3,0,24,3,0,0
"csmith_out/csmith_output_179ced3ae41c7959.c",6,1,1,0,6,1,0,0,18,1,1,0,18,1,0,0
"csmith_out/csmith_output_179ced3b82ac385a.c",26,1,1,0,26,1,0,0,48,1,1,0,48,1,0,0
"csmith_out/csmith_output_179ced3eef3e7bf8.c",9,1,1,0,9,1,0,0,15,1,1,0,15,1,0,0
"csmith_out/csmith_output_179ced3fbb44a8fd.c",1,1,1,0,1,1,0,0,3,1,1,0,3,1,0,0
"csmith_out/csmith_output_179ced3fdf6e014b.c",10,1,1,0,10,1,0,0,13,1,1,0,13,1,0,0
"csmith_out/csmith_output_179ced4056de3d13.c",1,1,1,0,1,1,0,0,1,1,1,0,1,1,0,0
"csmith_out/csmith_output_179ced407ff21631.c",10,1,1,0,10,1,0,0,17,2,2,0,17,2,0,0
"csmith_out/csmith_output_179ced412ae7f428.c",2,0,0,0,2,0,0,0,2,0,0,0,2,0,0,0
"csmith_out/csmith_output_179ced4219c43d70.c",24,1,1,0,24,1,0,0,28,2,2,0,28,2,0,0
"csmith_out/csmith_output_179ced4377430b89.c",7,1,1,0,7,1,0,0,14,1,1,0,14,1,0,0
"csmith_out/csmith_output_179ced43fb63d03b.c",11,1,1,0,11,1,0,0,15,1,1,0,15,1,0,0
"csmith_out/csmith_output_179ced44a3f9c78e.c",1,1,1,0,1,1,0,0,7,1,1,0,7,1,0,0
"csmith_out/csmith_output_179ced44d0ada7c0.c",8,1,1,0,8,1,0,0,10,1,1,0,11,1,0,0
"csmith_out/csmith_output_179ced45835f939c.c",16,1,1,0,16,1,0,0,22,1,1,0,22,1,0,0
"csmith_out/csmith_output_179ced46b1f3b346.c",1,1,1,0,1,1,0,0,1,1,1,0,1,1,0,0
"csmith_out/csmith_output_179ced46d8dfffcc.c",17,1,1,0,17,1,0,0,27,1,1,0,27,1,0,0
"csmith_out/csmith_output_179ced48276d75af.c",13,1,1,0,13,1,0,0,29,1,1,0,29,1,0,0
"csmith_out/csmith_output_179ced497d5f7e3a.c",24,1,1,0,24,1,0,0,30,1,1,0,30,1,0,0
"csmith_out/csmith_output_179ced4b0f1f76c8.c",7,1,1,0,7,1,0,0,14,1,1,0,14,1,0,0
"csmith_out/csmith_output_179ced4b760e1137.c",13,1,1,0,13,1,0,0,26,1,1,0,26,1,0,0
"csmith_out/csmith_output_179ced4ced111298.c",3,1,1,0,3,1,0,0,10,1,1,0,10,1,0,0
"csmith_out/csmith_output_179ced4d5433221a.c",27,1,1,1,27,1,0,1,30,1,1,1,30,1,0,1
"csmith_out/csmith_output_179ced4ee9e2338c.c",3,1,1,0,3,1,0,0,10,1,1,0,10,1,0,0
"csmith_out/csmith_output_179ced4f70a1bfd9.c",1,1,1,0,1,1,0,0,1,1,1,0,1,1,0,0
"csmith_out/csmith_output_179ced4f998c5455.c",20,1,1,0,20,1,0,0,39,1,1,0,39,1,0,0
"csmith_out/csmith_output_179ced50e2c48b88.c",8,1,1,0,8,1,0,0,14,1,1,0,14,1,0,0
"csmith_out/csmith_output_179ced51c5309bfa.c",15,1,1,0,15,1,0,0,12,1,1,0,12,1,0,0
"csmith_out/csmith_output_179ced526332c41d.c",20,1,1,0,20,1,0,0,24,1,1,0,24,1,0,0
"csmith_out/csmith_output_179ced5386f25180.c",2,0,0,0,2,0,0,0,3,1,1,0,3,1,0,0
"csmith_out/csmith_output_179ced544f585489.c",8,1,1,0,8,1,0,0,9,1,1,0,9,1,0,0
"csmith_out/csmith_output_179ced54d3be9034.c",16,1,1,0,16,1,0,0,22,2,2,0,22,2,0,0
"csmith_out/csmith_output_179ced560f829dc8.c",2,1,1,0,2,1,0,0,2,1,1,0,2,1,0,0
"csmith_out/csmith_output_179ced5637a1055b.c",13,1,1,0,13,1,0,0,22,1,1,0,22,1,0,0
"csmith_out/csmith_output_179ced57067de573.c",13,1,1,0,13,1,0,0,16,1,1,0,16,1,0,0
"csmith_out/csmith_output_179ced57aadd495d.c",12,1,1,0,12,1,0,0,15,1,1,0,15,1,0,0
"csmith_out/csmith_output_179ced58dbdc320e.c",2,1,1,0,2,1,0,0,2,1,1,0,2,1,0,0
"csmith_out/csmith_output_179ced5908516900.c",15,1,1,1,15,1,0,1,25,2,1,4,25,2,0,4
"csmith_out/csmith_output_179ced5a137377c5.c",13,1,1,1,13,1,0,1,24,1,1,1,24,1,0,1
"csmith_out/csmith_output_179ced5b2e1e9cac.c",1,1,1,0,1,1,0,0,1,1,1,0,1,1,0,0
"csmith_out/csmith_output_179ced5b55c89808.c",4,1,1,0,4,1,0,0,10,1,1,0,11,1,0,0
"csmith_out/csmith_output_179ced5beaafa035.c",1,0,0,0,1,0,0,0,2,1,0,0,2,1,0,0
"csmith_out/csmith_output_179ced5cd9885a07.c",27,1,1,4,27,1,0,4,29,4,2,3,29,4,0,3
"csmith_out/csmith_output_179ced5dfef6b17f.c",6,1,1,0,6,1,0,0,13,3,1,0,13,3,0,0
"csmith_out/csmith_output_179ced5eadf972f8.c",7,1,1,0,7,1,0,0,21,3,1,0,21,3,0,0
"csmith_out/csmith_output_179ced5fbd49e082.c",13,1,1,0,13,1,0,0,21,10,10,0,21,10,0,0
"csmith_out/csmith_output_179ced60812e4ad8.c",6,1,1,16,6,1,0,16,11,1,1,16,11,1,0,16
"csmith_out/csmith_output_179ced61927ccb31.c",8,1,1,0,8,1,0,0,11,1,1,0,12,1,0,0
"csmith_out/csmith_output_179ced6213665991.c",3,1,1,0,3,1,0,0,10,1,1,0,10,1,0,0
"csmith_out/csmith_output_179ced62ea8df0d0.c",7,1,1,0,7,1,0,0,10,1,1,0,10,1,0,0
"csmith_out/csmith_output_179ced636ed482ff.c",1,1,1,0,1,1,0,0,2,1,1,0,2,1,0,0
"csmith_out/csmith_output_179ced63987bc349.c",25,1,1,0,25,1,0,0,30,1,1,0,30,1,0,0
"csmith_out/csmith_output_179ced64ede61ac6.c",1,1,1,0,1,1,0,0,3,1,1,0,3,1,0,0
"csmith_out/csmith_output_179ced6517541b37.c",24,1,1,75,24,1,0,76,32,4,3,75,32,4,0,76
"csmith_out/csmith_output_179ced6751eea3a4.c",16,1,1,4,16,1,0,1,17,2,2,4,17,2,0,1
"csmith_out/csmith_output_179ced6818844807.c",15,1,1,0,15,1,0,0,24,2,2,0,24,2,0,0
"csmith_out/csmith_output_179ced6a1bf23f8d.c",1,1,1,0,1,1,0,0,1,1,1,0,1,1,0,0
"csmith_out/csmith_output_179ced6a44b1e39d.c",8,1,1,0,8,1,0,0,12,1,1,0,12,1,0,0
"csmith_out/csmith_output_179ced6aeb364ca5.c",9,1,1,0,9,1,0,0,20,2,2,0,20,2,0,0
"csmith_out/csmith_output_179ced6c73e2a41d.c",16,1,1,0,16,1,0,0,25,1,1,0,25,1,0,0
"csmith_out/csmith_output_179ced6da5e2398b.c",15,1,1,0,15,1,0,0,19,1,1,0,19,1,0,0
"csmith_out/csmith_output_179ced6e4b540a4e.c",12,1,1,0,12,1,0,0,21,1,1,0,21,1,0,0
"csmith_out/csmith_output_179ced6f434e5127.c",4,1,1,0,4,1,0,0,11,3,1,0,11,3,0,0
"csmith_out/csmith_output_179ced6fcf5125b5.c",6,1,1,0,6,1,0,0,13,1,1,0,13,1,0,0
"csmith_out/csmith_output_179ced706c60f418.c",0,0,0,0,0,0,0,0,0,0,0,0,0,0,0,0
"csmith_out/csmith_output_179ced708e4a2ad8.c",1,0,0,0,1,0,0,0,1,0,0,0,1,0,0,0
"csmith_out/csmith_output_179ced713f7b01d7.c",3,1,1,1,3,1,0,1,7,1,1,1,7,1,0,1
"csmith_out/csmith_output_179ced71a9cab158.c",5,1,1,0,5,1,0,0,14,1,1,0,14,1,0,0
"csmith_out/csmith_output_179ced7242017aa7.c",6,1,1,0,6,1,0,0,13,1,1,0,13,1,0,0
"csmith_out/csmith_output_179ced7326650dea.c",1,0,0,0,1,0,0,0,1,0,0,0,1,0,0,0
"csmith_out/csmith_output_179ced745fc0587d.c",2,0,0,0,2,0,0,0,2,0,0,0,2,0,0,0
"csmith_out/csmith_output_179ced7560f28770.c",9,1,1,0,11,1,0,0,16,1,1,0,16,1,0,0
"csmith_out/csmith_output_179ced764ecd9216.c",1,1,1,0,1,1,0,0,3,1,1,0,3,1,0,0
"csmith_out/csmith_output_179ced76720ed448.c",14,1,1,0,14,1,0,0,15,1,1,0,15,1,0,0
"csmith_out/csmith_output_179ced76e249fe7d.c",12,1,1,0,12,1,0,0,10,1,1,0,10,1,0,0
"csmith_out/csmith_output_179ced779b9783bc.c",19,1,1,0,19,1,0,0,16,2,1,0,16,2,0,0
"csmith_out/csmith_output_179ced78a34cb971.c",2,1,1,0,2,1,0,0,8,1,1,0,8,1,0,0
"csmith_out/csmith_output_179ced7917235860.c",1,0,0,0,1,0,0,0,1,0,0,0,1,0,0,0
"csmith_out/csmith_output_179ced7a352a7984.c",12,1,1,0,12,1,0,0,16,1,1,0,16,1,0,0
"csmith_out/csmith_output_179ced7add989323.c",5,1,1,0,5,1,0,0,13,1,1,0,13,1,0,0
"csmith_out/csmith_output_179ced7ba135dee4.c",8,1,1,1,8,1,0,1,14,2,2,2,14,2,0,2
"csmith_out/csmith_output_179ced7c452d4141.c",4,1,1,3,4,1,0,3,17,7,1,3,18,7,0,3
"csmith_out/csmith_output_179ced7ceaf3a337.c",9,1,1,0,9,1,0,0,13,1,1,0,13,1,0,0
"csmith_out/csmith_output_179ced7d8eafd40b.c",17,1,1,0,17,1,0,0,28,1,1,0,28,1,0,0
"csmith_out/csmith_output_179ced7ebe97a606.c",3,1,1,0,3,1,0,0,8,2,1,0,8,2,0,0
"csmith_out/csmith_output_179ced7f2500b1d9.c",1,1,1,0,1,1,0,0,1,1,1,0,1,1,0,0
"csmith_out/csmith_output_179ced7f4b908dcc.c",12,1,1,0,12,1,0,0,17,1,1,0,17,1,0,0
"csmith_out/csmith_output_179ced7fed851a61.c",1,1,1,0,1,1,0,0,1,1,1,0,1,1,0,0
"csmith_out/csmith_output_179ced801475d3b6.c",12,1,1,0,12,1,0,0,14,1,1,0,14,1,0,0
"csmith_out/csmith_output_179ced80c9f09953.c",1,1,1,0,1,1,0,0,1,1,1,0,1,1,0,0
"csmith_out/csmith_output_179ced80f1fbc36b.c",16,1,1,0,16,1,0,0,25,3,1,0,25,3,0,0
"csmith_out/csmith_output_179ced822a616f67.c",1,1,1,0,1,1,0,0,1,1,1,0,1,1,0,0
"csmith_out/csmith_output_179ced8251deefd5.c",10,1,1,4,10,1,0,4,10,2,2,4,11,2,0,4
"csmith_out/csmith_output_179ced8394042a07.c",7,1,1,0,7,1,0,0,9,1,1,0,10,1,0,0
"csmith_out/csmith_output_179ced84444670bf.c",2,1,1,0,2,1,0,0,10,1,1,0,11,1,0,0
"csmith_out/csmith_output_179ced84cdbc5232.c",2,1,1,0,2,1,0,0,2,1,1,0,2,1,0,0
"csmith_out/csmith_output_179ced84f94e20cb.c",12,1,1,6,12,1,0,6,17,4,4,24,17,4,0,24
"csmith_out/csmith_output_179ced86c182d99c.c",6,1,1,0,6,1,0,0,11,1,1,0,12,1,0,0
"csmith_out/csmith_output_179ced877b47139b.c",14,1,1,3,14,1,0,3,17,1,1,3,17,1,0,3
"csmith_out/csmith_output_179ced888f204017.c",8,1,1,0,8,1,0,0,12,1,1,0,12,1,0,0
"csmith_out/csmith_output_179ced89112f93d5.c",8,1,1,1,8,1,0,1,12,1,1,1,12,1,0,1
"csmith_out/csmith_output_179ced89c7d03cd4.c",7,1,1,0,7,1,0,0,14,1,1,0,14,1,0,0
"csmith_out/csmith_output_179ced8a6d9f2b26.c",2,0,0,0,2,0,0,0,8,7,1,1,8,7,0,1
"csmith_out/csmith_output_179ced8b0ef509ac.c",10,1,1,10,10,1,0,8,15,2,2,14,15,2,0,12
"csmith_out/csmith_output_179ced8bdec92348.c",17,1,1,0,17,1,0,0,15,1,1,0,15,1,0,0
"csmith_out/csmith_output_179ced8cf2e61b7b.c",7,1,1,1,7,1,0,1,21,1,1,1,21,1,0,1
"csmith_out/csmith_output_179ced8dc822ac81.c",2,0,0,0,2,0,0,0,2,0,0,0,2,0,0,0
"csmith_out/csmith_output_179ced8e7c6ba8a3.c",1,1,1,0,1,1,0,0,1,1,1,0,1,1,0,0
"csmith_out/csmith_output_179ced8ea788e034.c",6,1,1,0,6,1,0,0,15,1,1,0,15,1,0,0
"csmith_out/csmith_output_179ced8f7ad3d1ef.c",13,1,1,0,13,1,0,0,25,1,1,0,25,1,0,0
"csmith_out/csmith_output_179ced906546e51c.c",1,1,1,0,1,1,0,0,1,1,1,0,1,1,0,0
"csmith_out/csmith_output_179ced908c990cf6.c",26,1,1,0,26,1,0,0,35,1,1,0,35,1,0,0
"csmith_out/csmith_output_179ced92c4ba0b68.c",0,0,0,0,0,0,0,0,0,0,0,0,0,0,0,0
"csmith_out/csmith_output_179ced92e64ef53d.c",8,1,1,0,8,1,0,0,11,1,1,0,11,1,0,0
"csmith_out/csmith_output_179ced936b28813c.c",11,1,1,2,11,1,0,2,15,1,1,2,15,1,0,2
"csmith_out/csmith_output_179ced94150cddd1.c",11,1,1,5,11,1,0,3,14,1,1,5,14,1,0,3
"csmith_out/csmith_output_179ced94a65ee97f.c",15,1,1,0,15,1,0,0,31,1,1,0,31,1,0,0
"csmith_out/csmith_output_179ced962e8f20da.c",12,1,1,0,12,1,0,0,22,1,1,0,22,1,0,0
"csmith_out/csmith_output_179ced974bdb7591.c",7,1,1,2,7,1,0,2,16,2,1,2,16,2,0,2
"csmith_out/csmith_output_179ced98d2dbf162.c",18,1,1,0,18,1,0,0,44,15,3,0,44,15,0,0
"csmith_out/csmith_output_179ced99bb6c4e78.c",14,1,1,0,14,1,0,0,17,1,1,0,17,1,0,0
"csmith_out/csmith_output_179ced9a878e48b0.c",9,1,1,0,9,1,0,0,17,1,1,0,17,1,0,0
"csmith_out/csmith_output_179ced9b7b8ba37e.c",52,1,1,0,52,1,0,0,61,1,1,0,61,1,0,0
"csmith_out/csmith_output_179ced9f38ab149f.c",29,1,1,0,29,1,0,0,38,1,1,0,38,1,0,0
"csmith_out/csmith_output_179ceda2b02877aa.c",12,1,1,0,12,1,0,0,19,1,1,0,19,1,0,0
"csmith_out/csmith_output_179ceda353e03419.c",14,1,1,0,14,1,0,0,21,1,1,0,21,1,0,0
"csmith_out/csmith_output_179ceda41cce5890.c",38,1,1,23,32,1,0,14,53,12,6,16,48,12,0,7
"csmith_out/csmith_output_179ceda63ef79cb0.c",5,1,1,0,5,1,0,0,11,1,1,0,12,1,0,0
"csmith_out/csmith_output_179ceda6b9dd8fff.c",8,1,1,11,8,1,0,9,12,4,2,11,12,4,0,9
"csmith_out/csmith_output_179ceda78a8042f7.c",4,1,1,0,4,1,0,0,13,4,1,0,13,4,0,0
"csmith_out/csmith_output_179ceda83e0c6f9d.c",6,1,1,1,6,1,0,1,15,3,1,2,15,3,0,2
"csmith_out/csmith_output_179ceda8ed2a4290.c",61,1,1,89,58,1,0,89,1,0,0,0,1,0,0,0
"csmith_out/csmith_output_179cedb069dc4c58.c",0,0,0,0,0,0,0,0,0,0,0,0,0,0,0,0
"csmith_out/csmith_output_179cedb0883ece04.c",1,0,0,0,1,0,0,0,1,0,0,0,1,0,0,0
"csmith_out/csmith_output_179cedb11619817b.c",12,1,1,0,12,1,0,0,19,1,1,0,19,1,0,0
"csmith_out/csmith_output_179cedb1b45f4e85.c",5,1,1,0,5,1,0,0,10,1,1,0,10,1,0,0
"csmith_out/csmith_output_179cedb1fdb93eb9.c",7,1,1,0,7,1,0,0,14,1,1,0,14,1,0,0
"csmith_out/csmith_output_179cedb2e56292d6.c",6,1,1,0,6,1,0,0,15,1,1,0,15,1,0,0
"csmith_out/csmith_output_179cedb3839aca85.c",1,1,1,0,1,1,0,0,1,1,1,0,1,1,0,0
"csmith_out/csmith_output_179cedb3abdac27c.c",28,1,1,2,28,1,0,2,27,2,2,2,27,2,0,2
"csmith_out/csmith_output_179cedb5091cf700.c",22,1,1,0,22,1,0,0,21,1,1,0,21,1,0,0
"csmith_out/csmith_output_179cedb5b05c3bd7.c",30,1,1,0,30,1,0,0,35,1,1,0,35,1,0,0
"csmith_out/csmith_output_179cedb751c5a6e0.c",8,1,1,2,8,1,0,2,22,1,1,2,22,1,0,2