testname,pre-vecmut-AVX512LVAnalyzedCnt,pre-vecmut-AVX512LVVectorizedCnt,pre-vecmut-AVX512EPVectorizedCnt,pre-vecmut-AVX512SLPInstructionsCnt,after-vecmut-AVX512LVAnalyzedCnt,after-vecmut-AVX512LVVectorizedCnt,after-vecmut-AVX512EPVectorizedCnt,after-vecmut-AVX512SLPInstructionsCnt
"csmith_out/csmith_output_179cea6d94223568.c",1,1,0,0,1,1,0,0
"csmith_out/csmith_output_179cea6dab31aee2.c",1,1,0,0,2,1,0,0
"csmith_out/csmith_output_179cea6dc2b0c3ad.c",18,1,0,0,18,1,0,0
"csmith_out/csmith_output_179cea6e641653b2.c",1,1,0,0,1,1,0,0
"csmith_out/csmith_output_179cea6e79222cd6.c",0,0,0,0,0,0,0,0
"csmith_out/csmith_output_179cea6e8b85b09c.c",25,1,0,0,33,1,0,0
"csmith_out/csmith_output_179cea6fd713a74c.c",3,1,0,1,12,1,0,2
"csmith_out/csmith_output_179cea701a7510e8.c",12,1,0,0,14,1,0,0
"csmith_out/csmith_output_179cea71102e4ce7.c",7,1,0,4,10,2,0,4
"csmith_out/csmith_output_179cea71993d6681.c",11,1,0,0,12,1,0,0
"csmith_out/csmith_output_179cea7228729e45.c",12,1,0,0,18,2,0,0
"csmith_out/csmith_output_179cea72be0739db.c",9,1,0,0,14,1,0,0
"csmith_out/csmith_output_179cea733ec51b5c.c",2,0,0,1,2,0,0,1
"csmith_out/csmith_output_179cea737d68bec7.c",22,1,0,0,30,1,0,0
"csmith_out/csmith_output_179cea746154424d.c",15,1,0,0,19,1,0,0
"csmith_out/csmith_output_179cea7538140966.c",18,1,0,1,30,1,0,4
"csmith_out/csmith_output_179cea7716dd8fc2.c",25,1,0,7,27,5,0,4
"csmith_out/csmith_output_179cea793bec3776.c",9,1,0,0,15,3,0,0
"csmith_out/csmith_output_179cea799cc0a747.c",0,0,0,0,0,0,0,0
"csmith_out/csmith_output_179cea79afc87aea.c",4,1,0,1,1,0,0,0
"csmith_out/csmith_output_179cea7a15998c5c.c",3,1,0,0,3,1,0,0
"csmith_out/csmith_output_179cea7a2befdd9f.c",14,1,0,0,20,1,0,0
"csmith_out/csmith_output_179cea7b31500793.c",8,1,0,0,16,3,0,3
"csmith_out/csmith_output_179cea7be73c2b11.c",13,1,0,1,25,5,0,1
"csmith_out/csmith_output_179cea7c716229ca.c",7,1,0,0,13,2,0,0
"csmith_out/csmith_output_179cea7cc8dd99ed.c",12,1,0,0,15,1,0,0
"csmith_out/csmith_output_179cea7d2a78d885.c",12,1,0,0,12,1,0,0
"csmith_out/csmith_output_179cea7dc399b128.c",10,1,0,0,10,1,0,0
"csmith_out/csmith_output_179cea7e1847d016.c",4,1,0,0,10,2,0,0
"csmith_out/csmith_output_179cea7e7dec3914.c",12,1,0,0,18,1,0,0
"csmith_out/csmith_output_179cea7f7570f0fe.c",12,1,0,2,16,1,0,1
"csmith_out/csmith_output_179cea8016e5cfc6.c",7,1,0,0,15,1,0,0
"csmith_out/csmith_output_179cea808d25b72f.c",22,1,0,0,29,1,0,0
"csmith_out/csmith_output_179cea81fb2df9b7.c",1,0,0,0,1,0,0,0
"csmith_out/csmith_output_179cea8278ef0671.c",10,1,0,0,11,1,0,0
"csmith_out/csmith_output_179cea82b04d003b.c",7,1,0,0,14,1,0,0
"csmith_out/csmith_output_179cea830cd8b3c3.c",8,1,0,0,11,1,0,0
"csmith_out/csmith_output_179cea836e07e546.c",20,1,0,0,16,1,0,0
"csmith_out/csmith_output_179cea8428f18236.c",7,1,0,0,17,1,0,0
"csmith_out/csmith_output_179cea85789dc76d.c",2,1,0,7,13,10,0,1
"csmith_out/csmith_output_179cea85d0680b2c.c",39,1,0,0,48,1,0,0
"csmith_out/csmith_output_179cea86ee6e178b.c",13,1,0,0,20,1,0,0
"csmith_out/csmith_output_179cea875789e1fd.c",27,1,0,0,25,2,0,0
"csmith_out/csmith_output_179cea885025b3a8.c",3,1,0,0,7,2,0,0
"csmith_out/csmith_output_179cea88762cd902.c",8,1,0,0,15,1,0,0
"csmith_out/csmith_output_179cea88e6606660.c",7,1,0,0,10,1,0,0
"csmith_out/csmith_output_179cea89434e5329.c",16,1,0,0,24,1,0,0
"csmith_out/csmith_output_179cea89d59ec1de.c",9,1,0,0,13,1,0,0
"csmith_out/csmith_output_179cea8a68d1dc93.c",1,1,0,0,1,1,0,0
"csmith_out/csmith_output_179cea8a7e5779d3.c",11,1,0,2,19,1,0,1
"csmith_out/csmith_output_179cea8b135c59ea.c",30,1,0,0,31,1,0,0
"csmith_out/csmith_output_179cea8c349c6d85.c",25,1,0,0,25,1,0,0
"csmith_out/csmith_output_179cea8d277c2855.c",19,1,0,0,29,1,0,0
"csmith_out/csmith_output_179cea8de866614d.c",13,1,0,0,17,1,0,0
"csmith_out/csmith_output_179cea8e9e303375.c",18,1,0,0,12,1,0,0
"csmith_out/csmith_output_179cea8f30facb02.c",1,1,0,0,1,1,0,0
"csmith_out/csmith_output_179cea8f46d886d9.c",15,1,0,0,14,1,0,0
"csmith_out/csmith_output_179cea8fb839000f.c",10,1,0,2,19,2,0,2
"csmith_out/csmith_output_179cea9075fd8a05.c",8,1,0,0,11,1,0,0
"csmith_out/csmith_output_179cea90dd6a1568.c",8,1,0,0,14,1,0,0
"csmith_out/csmith_output_179cea9160e6de75.c",19,1,0,0,19,2,0,0
"csmith_out/csmith_output_179cea91bde8bea9.c",19,1,0,0,26,1,0,0
"csmith_out/csmith_output_179cea93406e2553.c",1,0,0,0,4,1,0,0
"csmith_out/csmith_output_179cea93d8688aef.c",13,1,0,0,11,1,0,0
"csmith_out/csmith_output_179cea946119fb75.c",43,1,0,0,54,1,0,0
"csmith_out/csmith_output_179cea9922267968.c",1,0,0,0,1,0,0,0
"csmith_out/csmith_output_179cea9982adef23.c",1,0,0,0,1,0,0,0
"csmith_out/csmith_output_179cea99ee9c21bc.c",1,0,0,0,1,0,0,0
"csmith_out/csmith_output_179cea9a7c0dbdcf.c",1,1,0,0,3,1,0,0
"csmith_out/csmith_output_179cea9a8f426bd6.c",6,1,0,0,11,1,0,0
"csmith_out/csmith_output_179cea9b21f226a5.c",18,1,0,0,43,1,0,1
"csmith_out/csmith_output_179cea9c0ed83bf5.c",7,1,0,3,12,1,0,8
"csmith_out/csmith_output_179cea9d38ec4301.c",1,0,0,0,1,0,0,0
"csmith_out/csmith_output_179cea9df84b94c2.c",27,1,0,0,37,1,0,0
"csmith_out/csmith_output_179cea9f34dd03c5.c",8,1,0,5,13,2,0,4
"csmith_out/csmith_output_179cea9fe7e45185.c",2,0,0,0,3,1,0,0
"csmith_out/csmith_output_179ceaa081c5c185.c",17,1,0,0,27,1,0,0
"csmith_out/csmith_output_179ceaa395f61908.c",7,1,0,0,16,2,0,0
"csmith_out/csmith_output_179ceaa45b4baad8.c",8,1,0,0,15,1,0,0
"csmith_out/csmith_output_179ceaa4d54ddbff.c",18,1,0,0,24,1,0,0
"csmith_out/csmith_output_179ceaa5e026c9fa.c",5,1,0,0,12,1,0,0
"csmith_out/csmith_output_179ceaa62def7622.c",1,1,0,1,1,1,0,1
"csmith_out/csmith_output_179ceaa644c352c7.c",20,1,0,2,39,1,0,2
"csmith_out/csmith_output_179ceaa77e59bc86.c",10,1,0,0,19,2,0,0
"csmith_out/csmith_output_179ceaa80ec0388b.c",8,1,0,2,11,3,0,4
"csmith_out/csmith_output_179ceaa88e284835.c",28,1,0,0,38,2,0,0
"csmith_out/csmith_output_179ceaa9f56f32cb.c",4,1,0,0,10,1,0,0
"csmith_out/csmith_output_179ceaaa363fddef.c",13,1,0,0,23,1,0,0
"csmith_out/csmith_output_179ceaaaedda656c.c",12,1,0,0,16,1,0,0
"csmith_out/csmith_output_179ceaab97923a54.c",1,0,0,0,0,0,0,0
"csmith_out/csmith_output_179ceaabf226be5c.c",93,1,0,2,93,1,0,2
"csmith_out/csmith_output_179ceaac909a70bd.c",7,1,0,0,13,1,0,0
"csmith_out/csmith_output_179ceaad26971230.c",16,1,0,0,27,1,0,0
"csmith_out/csmith_output_179ceaade6af2ef0.c",1,0,0,6,3,2,0,3
"csmith_out/csmith_output_179ceaae3e98c233.c",1,1,0,0,1,1,0,0
"csmith_out/csmith_output_179ceaae53c39632.c",1,1,0,0,11,1,0,0
"csmith_out/csmith_output_179ceaae8f553765.c",17,1,0,0,19,3,0,0
"csmith_out/csmith_output_179ceaaf2ff6d1c6.c",29,1,0,1,43,2,0,1
"csmith_out/csmith_output_179ceab11c0de321.c",7,1,0,0,14,1,0,0
"csmith_out/csmith_output_179ceab1aa0ca518.c",8,1,0,1,12,1,0,1
"csmith_out/csmith_output_179ceab20d8fee16.c",37,1,0,0,34,1,0,0
"csmith_out/csmith_output_179ceab380167189.c",15,1,0,0,18,3,0,0
"csmith_out/csmith_output_179ceab3e235246c.c",1,1,0,0,1,1,0,0
"csmith_out/csmith_output_179ceab3f75141c0.c",18,1,0,5,22,2,0,3
"csmith_out/csmith_output_179ceab568d21273.c",23,1,0,0,36,1,0,0
"csmith_out/csmith_output_179ceab6684ef7ec.c",1,0,0,0,1,0,0,0
"csmith_out/csmith_output_179ceab72ec2e768.c",6,1,0,0,14,5,0,6
"csmith_out/csmith_output_179ceab76bff4591.c",1,1,0,0,3,1,0,0
"csmith_out/csmith_output_179ceab780aca325.c",21,1,0,3,37,1,0,2
"csmith_out/csmith_output_179ceab875778072.c",4,1,0,0,10,1,0,0
"csmith_out/csmith_output_179ceab8ec11a891.c",16,1,0,0,19,2,0,1
"csmith_out/csmith_output_179ceab9e732181d.c",20,1,0,0,21,1,0,0
"csmith_out/csmith_output_179ceabacd7d2e8d.c",19,1,0,0,22,1,0,0
"csmith_out/csmith_output_179ceabbbbd6edd7.c",11,1,0,0,26,1,0,0
"csmith_out/csmith_output_179ceabc6a1c464c.c",1,1,0,0,1,1,0,0
"csmith_out/csmith_output_179ceabc7d5b2989.c",8,1,0,0,12,1,0,0
"csmith_out/csmith_output_179ceabd3969f7c3.c",16,1,0,0,24,1,0,0
"csmith_out/csmith_output_179ceabe0052ad5a.c",9,1,0,3,13,2,0,2
"csmith_out/csmith_output_179ceabe95245c74.c",11,1,0,0,12,1,0,0
"csmith_out/csmith_output_179ceabf12058c67.c",17,1,0,0,22,2,0,0
"csmith_out/csmith_output_179ceabffd1fadb6.c",1,1,0,0,1,1,0,0
"csmith_out/csmith_output_179ceac0126d99c5.c",9,1,0,0,19,1,0,0
"csmith_out/csmith_output_179ceac0a4d4fe97.c",12,1,0,0,13,1,0,0
"csmith_out/csmith_output_179ceac1606be2a3.c",0,0,0,0,1,1,0,0
"csmith_out/csmith_output_179ceac1c149def3.c",1,1,0,0,1,1,0,0
"csmith_out/csmith_output_179ceac1d807f935.c",13,1,0,0,15,1,0,0
"csmith_out/csmith_output_179ceac29fef752f.c",11,1,0,0,22,1,0,0
"csmith_out/csmith_output_179ceac38d62b7f5.c",1,0,0,0,1,0,0,0
"csmith_out/csmith_output_179ceac3c9af2168.c",1,1,0,0,1,1,0,0
"csmith_out/csmith_output_179ceac3df8720a9.c",7,1,0,7,16,1,0,7
"csmith_out/csmith_output_179ceac477d25ef5.c",9,1,0,0,18,2,0,1
"csmith_out/csmith_output_179ceac5948c89aa.c",0,0,0,0,0,0,0,0
"csmith_out/csmith_output_179ceac5a692917b.c",3,1,0,0,8,1,0,0
"csmith_out/csmith_output_179ceac5ef417eae.c",5,1,0,0,14,1,0,0
"csmith_out/csmith_output_179ceac67a974587.c",7,1,0,0,12,1,0,0
"csmith_out/csmith_output_179ceac750c3b4dc.c",2,1,0,0,2,1,0,0
"csmith_out/csmith_output_179ceac7693b3aed.c",24,1,0,0,20,1,0,0
"csmith_out/csmith_output_179ceac873c2bc96.c",10,1,0,0,17,1,0,0
"csmith_out/csmith_output_179ceac93a4de160.c",4,1,0,0,8,1,0,0
"csmith_out/csmith_output_179ceac964587217.c",8,1,0,0,15,3,0,0
"csmith_out/csmith_output_179ceac9e868088d.c",25,1,0,0,29,1,0,0
"csmith_out/csmith_output_179ceacb96e3f7c7.c",4,1,0,0,10,1,0,0
"csmith_out/csmith_output_179ceacbca3b5f21.c",2,1,0,1,19,3,0,1
"csmith_out/csmith_output_179ceacc791a0108.c",9,1,0,0,16,1,0,0
"csmith_out/csmith_output_179ceacce61bb4dd.c",1,1,0,0,1,1,0,0
"csmith_out/csmith_output_179ceaccf87fe311.c",10,1,0,0,11,3,0,0
"csmith_out/csmith_output_179ceacd4a52d4eb.c",4,1,0,0,8,1,0,0
"csmith_out/csmith_output_179ceacd7bab7fd7.c",4,1,0,0,9,1,0,0
"csmith_out/csmith_output_179ceace03608e5b.c",11,1,0,1,23,1,0,1
"csmith_out/csmith_output_179ceaceaf7bbcfd.c",15,1,0,0,22,1,0,0
"csmith_out/csmith_output_179cead001e5acc3.c",32,1,0,3,36,3,0,2
"csmith_out/csmith_output_179cead11d815389.c",1,1,0,0,1,1,0,0
"csmith_out/csmith_output_179cead12fd26ff7.c",1,1,0,0,1,1,0,0
"csmith_out/csmith_output_179cead141a71712.c",18,1,0,0,49,15,0,0
"csmith_out/csmith_output_179cead28341cf12.c",16,1,0,0,20,1,0,0
"csmith_out/csmith_output_179cead37b6aa253.c",25,1,0,0,34,1,0,0
"csmith_out/csmith_output_179cead406aaf704.c",9,1,0,0,14,3,0,0
"csmith_out/csmith_output_179cead46c2f08f5.c",1,1,0,0,6,1,0,0
"csmith_out/csmith_output_179cead4850d04e2.c",18,1,0,12,30,1,0,18
"csmith_out/csmith_output_179cead5c624c3c9.c",1,1,0,0,1,1,0,0
"csmith_out/csmith_output_179cead5d843ed3b.c",17,1,0,0,19,1,0,0
"csmith_out/csmith_output_179cead6975b4dfa.c",3,1,0,0,12,1,0,0
"csmith_out/csmith_output_179cead71416e710.c",20,1,0,0,24,2,0,0
"csmith_out/csmith_output_179cead8112fc79a.c",4,1,0,0,11,1,0,0
"csmith_out/csmith_output_179cead84f367d6f.c",10,1,0,0,13,1,0,0
"csmith_out/csmith_output_179cead91a0e0636.c",20,1,0,0,31,1,0,0
"csmith_out/csmith_output_179ceadaf5a76f0b.c",19,1,0,4,23,2,0,2
"csmith_out/csmith_output_179ceadbfddc14e0.c",11,1,0,0,19,2,0,0
"csmith_out/csmith_output_179ceadc747cf4cf.c",13,1,0,0,15,1,0,0
"csmith_out/csmith_output_179ceadcbcf94802.c",1,1,0,0,1,1,0,0
"csmith_out/csmith_output_179ceadcd0ae14b7.c",4,1,0,1,10,1,0,1
"csmith_out/csmith_output_179ceadd542abf65.c",8,1,0,0,10,1,0,0
"csmith_out/csmith_output_179ceadd911cbd7b.c",1,1,0,0,1,1,0,0
"csmith_out/csmith_output_179ceadda699ca47.c",13,1,0,0,25,1,0,0
"csmith_out/csmith_output_179ceadec42042db.c",12,1,0,0,17,1,0,0
"csmith_out/csmith_output_179ceadf2d299009.c",1,1,0,0,1,1,0,0
"csmith_out/csmith_output_179ceadf3f438b57.c",14,1,0,0,13,1,0,0
"csmith_out/csmith_output_179ceadfff1ead58.c",10,1,0,0,14,1,0,0
"csmith_out/csmith_output_179ceae043d69a7c.c",4,1,0,1,11,1,0,1
"csmith_out/csmith_output_179ceae08f4c917e.c",9,1,0,0,15,1,0,0
"csmith_out/csmith_output_179ceae0f499b47f.c",12,1,0,0,15,1,0,0
"csmith_out/csmith_output_179ceae24782990a.c",13,1,0,0,25,1,0,0
"csmith_out/csmith_output_179ceae2f3f77cd7.c",9,1,0,0,10,1,0,0
"csmith_out/csmith_output_179ceae3ac57c25d.c",1,0,0,0,2,1,0,0
"csmith_out/csmith_output_179ceae41cf941c8.c",7,1,0,0,12,1,0,0
"csmith_out/csmith_output_179ceae45739c5fa.c",16,1,0,0,22,1,0,0
"csmith_out/csmith_output_179ceae5329ecf36.c",2,1,0,0,10,1,0,0
"csmith_out/csmith_output_179ceae58e18ad85.c",1,1,0,0,9,1,0,0
"csmith_out/csmith_output_179ceae632f2ff44.c",12,1,0,0,14,1,0,0
"csmith_out/csmith_output_179ceae69192731d.c",7,1,0,0,11,1,0,0
"csmith_out/csmith_output_179ceae6e52c28f7.c",10,1,0,7,13,3,0,9
"csmith_out/csmith_output_179ceae7557492dc.c",1,0,0,0,1,0,0,0
"csmith_out/csmith_output_179ceae8425854b9.c",9,1,0,0,18,1,0,0
"csmith_out/csmith_output_179ceae8efa4c626.c",10,1,0,0,15,1,0,0
"csmith_out/csmith_output_179ceae9e92ee27a.c",2,0,0,0,3,1,0,0
"csmith_out/csmith_output_179ceaea922f9b92.c",9,1,0,0,18,4,0,0
"csmith_out/csmith_output_179ceaeaf9f9287a.c",17,1,0,0,24,1,0,0
"csmith_out/csmith_output_179ceaec58ec2040.c",22,1,0,0,30,1,0,0
"csmith_out/csmith_output_179ceaed373be8a9.c",10,1,0,0,21,1,0,0
"csmith_out/csmith_output_179ceaee130c13b3.c",8,1,0,2,16,9,0,2
"csmith_out/csmith_output_179ceaee7066c3e5.c",1,1,0,0,1,1,0,0
"csmith_out/csmith_output_179ceaee822155f0.c",13,1,0,0,17,1,0,0
"csmith_out/csmith_output_179ceaef1d931e59.c",17,1,0,0,27,1,0,0
"csmith_out/csmith_output_179ceaefca89470d.c",14,1,0,0,24,1,0,0
"csmith_out/csmith_output_179ceaf0960e6474.c",7,1,0,0,10,1,0,0
"csmith_out/csmith_output_179ceaf0dc30962c.c",6,1,0,0,10,1,0,0
"csmith_out/csmith_output_179ceaf1490c5b0c.c",7,1,0,0,10,1,0,0
"csmith_out/csmith_output_179ceaf1a56dc1fa.c",2,1,0,0,2,1,0,0
"csmith_out/csmith_output_179ceaf1b942b59d.c",7,1,0,0,11,1,0,0
"csmith_out/csmith_output_179ceaf26a4b673a.c",1,1,0,0,1,1,0,0
"csmith_out/csmith_output_179ceaf27f94474c.c",7,1,0,0,12,2,0,0
"csmith_out/csmith_output_179ceaf2f1aaf320.c",8,1,0,0,11,1,0,0
"csmith_out/csmith_output_179ceaf355be61d3.c",1,1,0,0,3,1,0,0
"csmith_out/csmith_output_179ceaf36ba7c9b3.c",4,1,0,0,10,2,0,0
"csmith_out/csmith_output_179ceaf3c31ba86e.c",4,1,0,0,11,1,0,0
"csmith_out/csmith_output_179ceaf41d4ca4b1.c",13,1,0,1,16,2,0,0
"csmith_out/csmith_output_179ceaf46c03b1fe.c",11,1,0,0,18,3,0,0
"csmith_out/csmith_output_179ceaf55338109d.c",8,1,0,0,26,12,0,0
"csmith_out/csmith_output_179ceaf5e5453e45.c",14,1,0,0,17,3,0,0
"csmith_out/csmith_output_179ceaf6790d7145.c",13,1,0,1,24,1,0,1
"csmith_out/csmith_output_179ceaf733c3b223.c",28,1,0,0,26,1,0,0
"csmith_out/csmith_output_179ceaf86b821568.c",2,1,0,1,11,1,0,1
"csmith_out/csmith_output_179ceaf8bfe60881.c",3,1,0,0,11,1,0,0
"csmith_out/csmith_output_179ceaf903777411.c",2,1,0,1,3,1,0,1
"csmith_out/csmith_output_179ceaf91c0fd594.c",15,1,0,0,23,1,0,0
"csmith_out/csmith_output_179ceafa13b34109.c",11,1,0,0,26,1,0,0
"csmith_out/csmith_output_179ceafa72a06995.c",2,1,0,0,8,1,0,1
"csmith_out/csmith_output_179ceafab4de6970.c",14,1,0,1,17,1,0,1
"csmith_out/csmith_output_179ceafaf3b03d89.c",10,1,0,0,25,1,0,0
"csmith_out/csmith_output_179ceafc623789f4.c",19,1,0,0,24,1,0,0
"csmith_out/csmith_output_179ceafdb42f6152.c",5,1,0,0,12,1,0,0
"csmith_out/csmith_output_179ceafe57944eec.c",8,1,0,0,12,1,0,0
"csmith_out/csmith_output_179ceafebe27982f.c",8,1,0,0,17,2,0,0
"csmith_out/csmith_output_179ceaff04fb6a1b.c",1,1,0,0,3,1,0,0
"csmith_out/csmith_output_179ceaff1bb03438.c",8,1,0,0,13,1,0,0
"csmith_out/csmith_output_179ceaffbda0eaff.c",16,1,0,0,21,1,0,0
"csmith_out/csmith_output_179ceb008c07d9d0.c",15,1,0,4,12,1,0,4
"csmith_out/csmith_output_179ceb00e401f7bf.c",1,0,0,0,1,0,0,0
"csmith_out/csmith_output_179ceb02d32f48f6.c",6,1,0,0,11,1,0,0
"csmith_out/csmith_output_179ceb032ac4f1fb.c",5,1,0,0,9,1,0,0
"csmith_out/csmith_output_179ceb03911b53bb.c",10,1,0,3,24,3,0,3
"csmith_out/csmith_output_179ceb0494dd8d27.c",11,1,0,0,14,1,0,0
"csmith_out/csmith_output_179ceb053147f006.c",10,1,0,6,11,1,0,6
"csmith_out/csmith_output_179ceb0571772eca.c",1,1,0,0,1,1,0,0
"csmith_out/csmith_output_179ceb0583bdcab0.c",8,1,0,0,12,1,0,0
"csmith_out/csmith_output_179ceb05ea145eea.c",9,1,0,0,14,1,0,0
"csmith_out/csmith_output_179ceb066ea1a211.c",7,1,0,0,14,1,0,0
"csmith_out/csmith_output_179ceb06e0254818.c",1,1,0,0,1,1,0,0
"csmith_out/csmith_output_179ceb06f53962a0.c",2,1,0,0,6,1,0,0
"csmith_out/csmith_output_179ceb071b8f8a2b.c",13,1,0,0,17,1,0,0
"csmith_out/csmith_output_179ceb07b9766279.c",1,0,0,0,1,0,0,0
"csmith_out/csmith_output_179ceb07fcc1aad3.c",9,1,0,1,10,4,0,4
"csmith_out/csmith_output_179ceb086fac5321.c",4,1,0,0,12,1,0,0
"csmith_out/csmith_output_179ceb08b15e984a.c",8,1,0,1,15,2,0,1
"csmith_out/csmith_output_179ceb09590af422.c",14,1,0,0,29,1,0,0
"csmith_out/csmith_output_179ceb0acf49371a.c",4,1,0,0,11,1,0,0
"csmith_out/csmith_output_179ceb0b2368e7e5.c",5,1,0,0,11,1,0,0
"csmith_out/csmith_output_179ceb0b6a3dd542.c",20,1,0,0,29,1,0,0
"csmith_out/csmith_output_179ceb0d3d171391.c",7,1,0,2,10,1,0,2
"csmith_out/csmith_output_179ceb0d8c4f04a6.c",1,0,0,0,1,0,0,0
"csmith_out/csmith_output_179ceb0dd3400054.c",12,1,0,0,13,1,0,0
"csmith_out/csmith_output_179ceb0e301b88f8.c",24,1,0,3,36,2,0,4
"csmith_out/csmith_output_179ceb0f76746f6f.c",7,1,0,0,12,2,0,0
"csmith_out/csmith_output_179ceb0fdfd3e576.c",1,1,0,0,1,1,0,0
"csmith_out/csmith_output_179ceb0ff57bc1e7.c",2,0,0,1,3,0,0,1
"csmith_out/csmith_output_179ceb1139833778.c",17,1,0,0,12,1,0,0
"csmith_out/csmith_output_179ceb11aabff9b0.c",12,1,0,0,12,1,0,0
"csmith_out/csmith_output_179ceb11f0683ea9.c",7,1,0,3,12,1,0,3
"csmith_out/csmith_output_179ceb12757e5873.c",2,1,0,0,2,1,0,0
"csmith_out/csmith_output_179ceb128c08b167.c",3,1,0,0,14,1,0,0
"csmith_out/csmith_output_179ceb12d4b85980.c",14,1,0,0,24,1,0,0
"csmith_out/csmith_output_179ceb134931b649.c",27,1,0,0,37,1,0,0
"csmith_out/csmith_output_179ceb14374907ee.c",13,1,0,0,12,1,0,0
"csmith_out/csmith_output_179ceb14ac176d0a.c",4,1,0,0,12,1,0,0
"csmith_out/csmith_output_179ceb1530a494af.c",1,1,0,0,1,1,0,0
"csmith_out/csmith_output_179ceb1543b9b949.c",17,1,0,0,15,3,0,0
"csmith_out/csmith_output_179ceb15e95cb25f.c",5,1,0,0,15,1,0,0
"csmith_out/csmith_output_179ceb166d68d65d.c",4,1,0,0,9,1,0,0
"csmith_out/csmith_output_179ceb16b796be30.c",15,1,0,0,17,1,0,0
"csmith_out/csmith_output_179ceb177dbcb514.c",8,1,0,0,16,1,0,0
"csmith_out/csmith_output_179ceb18fe091eb6.c",7,1,0,0,11,1,0,0
"csmith_out/csmith_output_179ceb1992bcd28f.c",56,1,0,2,70,5,0,5
"csmith_out/csmith_output_179ceb1b2a31613f.c",1,0,0,0,1,0,0,0
"csmith_out/csmith_output_179ceb1b6d99b781.c",5,1,0,0,15,1,0,0
"csmith_out/csmith_output_179ceb1bf03b6346.c",24,1,0,0,31,3,0,4
"csmith_out/csmith_output_179ceb1d3dc12517.c",1,1,0,0,3,1,0,0
"csmith_out/csmith_output_179ceb1d54c8b4e1.c",18,1,0,0,16,1,0,0
"csmith_out/csmith_output_179ceb1ddd912172.c",25,1,0,0,33,1,0,0
"csmith_out/csmith_output_179ceb1e949a5b3a.c",28,1,0,0,38,2,0,0
"csmith_out/csmith_output_179ceb2021a129d3.c",24,1,0,3,28,4,0,0
"csmith_out/csmith_output_179ceb20c0035b85.c",0,0,0,0,0,0,0,0
"csmith_out/csmith_output_179ceb20d269298b.c",16,1,0,0,19,1,0,0
"csmith_out/csmith_output_179ceb21c33f5cd6.c",21,1,0,1,24,1,0,1
"csmith_out/csmith_output_179ceb2259921f77.c",47,1,0,0,42,1,0,0
"csmith_out/csmith_output_179ceb24711c3d5e.c",11,1,0,0,16,1,0,0
"csmith_out/csmith_output_179ceb2509e2684b.c",22,1,0,11,49,30,0,14
"csmith_out/csmith_output_179ceb261e579e1f.c",5,1,0,0,7,1,0,0
"csmith_out/csmith_output_179ceb267d4651e4.c",3,1,0,0,11,1,0,0
"csmith_out/csmith_output_179ceb26c9a82c33.c",8,1,0,0,13,1,0,0
"csmith_out/csmith_output_179ceb271268b0b5.c",22,1,0,12,25,3,0,8
"csmith_out/csmith_output_179ceb27bc051feb.c",14,1,0,0,24,1,0,0
"csmith_out/csmith_output_179ceb28314df466.c",16,1,0,0,19,1,0,0
"csmith_out/csmith_output_179ceb291f1627c2.c",10,1,0,0,10,1,0,0
"csmith_out/csmith_output_179ceb296f56b282.c",1,1,0,0,1,1,0,0
"csmith_out/csmith_output_179ceb29829b96db.c",7,1,0,0,12,1,0,0
"csmith_out/csmith_output_179ceb2a1b2a9be2.c",22,1,0,25,28,5,0,0
"csmith_out/csmith_output_179ceb2b18299d0b.c",26,1,0,0,35,1,0,0
"csmith_out/csmith_output_179ceb2d760f7655.c",1,1,0,0,1,1,0,0
"csmith_out/csmith_output_179ceb2d8a24173a.c",6,1,0,0,12,2,0,0
"csmith_out/csmith_output_179ceb2df9de6636.c",25,1,0,0,32,1,0,0
"csmith_out/csmith_output_179ceb2fa55366e7.c",1,1,0,0,1,1,0,0
"csmith_out/csmith_output_179ceb2fb9bb1b0a.c",6,1,0,0,13,1,0,0
"csmith_out/csmith_output_179ceb30480008d2.c",1,1,0,0,1,1,0,0
"csmith_out/csmith_output_179ceb305afeb97f.c",20,1,0,3,21,3,0,3
"csmith_out/csmith_output_179ceb31242ddd5d.c",11,1,0,0,15,2,0,0
"csmith_out/csmith_output_179ceb318b428eef.c",17,1,0,0,29,2,0,0
"csmith_out/csmith_output_179ceb323c408878.c",11,1,0,0,17,1,0,0
"csmith_out/csmith_output_179ceb32a3582a5f.c",19,1,0,0,32,2,0,0
"csmith_out/csmith_output_179ceb3447ad6c94.c",3,1,0,1,8,2,0,0
"csmith_out/csmith_output_179ceb34a5d8b73a.c",4,1,0,0,12,1,0,0
"csmith_out/csmith_output_179ceb34f053b7ed.c",2,1,0,0,7,1,0,0
"csmith_out/csmith_output_179ceb3545902291.c",15,1,0,3,15,1,0,1
"csmith_out/csmith_output_179ceb361e685407.c",3,1,0,0,3,1,0,0
"csmith_out/csmith_output_179ceb36360c03e2.c",12,1,0,0,31,5,0,1
"csmith_out/csmith_output_179ceb37730b1690.c",14,1,0,0,24,1,0,0
"csmith_out/csmith_output_179ceb38f37daaf0.c",19,1,0,0,27,1,0,0
"csmith_out/csmith_output_179ceb39cc263155.c",1,1,0,0,3,1,0,0
"csmith_out/csmith_output_179ceb39de84f8e5.c",8,1,0,0,13,1,0,0
"csmith_out/csmith_output_179ceb3a40a138e4.c",13,1,0,0,28,1,0,0
"csmith_out/csmith_output_179ceb3bea757cb2.c",19,1,0,0,22,1,0,0
"csmith_out/csmith_output_179ceb3cbfb63650.c",23,1,0,3,27,1,0,3
"csmith_out/csmith_output_179ceb3dbc3558bc.c",1,1,0,0,2,1,0,0
"csmith_out/csmith_output_179ceb3dd0d3c47c.c",12,1,0,0,19,1,0,0
"csmith_out/csmith_output_179ceb3e309cfc6c.c",16,1,0,0,26,5,0,0
"csmith_out/csmith_output_179ceb3f66020f39.c",1,0,0,0,1,0,0,0
"csmith_out/csmith_output_179ceb3fccd64d68.c",1,1,0,0,1,1,0,0
"csmith_out/csmith_output_179ceb3fe1bc24fa.c",32,1,0,0,46,1,0,0
"csmith_out/csmith_output_179ceb4105eceb33.c",12,1,0,0,35,2,0,0
"csmith_out/csmith_output_179ceb423d0f32b7.c",9,1,0,0,18,1,0,0
"csmith_out/csmith_output_179ceb42f1a5c381.c",20,1,0,1,19,3,0,0
"csmith_out/csmith_output_179ceb437a2d68f0.c",4,1,0,0,7,1,0,0
"csmith_out/csmith_output_179ceb43accebdf7.c",13,1,0,0,17,1,0,0
"csmith_out/csmith_output_179ceb4437ab7113.c",10,1,0,0,22,1,0,0
"csmith_out/csmith_output_179ceb44b685d0b7.c",12,1,0,0,17,1,0,0
"csmith_out/csmith_output_179ceb45647efcd6.c",9,1,0,0,10,1,0,0
"csmith_out/csmith_output_179ceb45bfd15b2a.c",6,1,0,0,13,1,0,0
"csmith_out/csmith_output_179ceb46304da673.c",8,1,0,0,12,1,0,0
"csmith_out/csmith_output_179ceb4678c7272b.c",2,1,0,0,2,1,0,0
"csmith_out/csmith_output_179ceb468cffad68.c",4,1,0,0,10,1,0,0
"csmith_out/csmith_output_179ceb46f0f6247b.c",1,1,0,0,1,1,0,0
"csmith_out/csmith_output_179ceb4703c8ead6.c",0,0,0,0,0,0,0,0
"csmith_out/csmith_output_179ceb47131fffb2.c",67,1,0,0,95,1,0,0
"csmith_out/csmith_output_179ceb4ee2c2643e.c",1,1,0,0,1,1,0,0
"csmith_out/csmith_output_179ceb4ef54df180.c",5,1,0,0,16,1,0,0
"csmith_out/csmith_output_179ceb4f70e23b55.c",7,1,0,0,14,3,0,3
"csmith_out/csmith_output_179ceb4fe1de3719.c",15,1,0,4,17,2,0,4
"csmith_out/csmith_output_179ceb506ff225cc.c",5,1,0,0,2,1,0,0
"csmith_out/csmith_output_179ceb508572fbf8.c",8,1,0,7,14,3,0,12
"csmith_out/csmith_output_179ceb514b8ecfb2.c",1,1,0,0,1,1,0,0
"csmith_out/csmith_output_179ceb515fcbb3c6.c",12,1,0,0,17,1,0,0
"csmith_out/csmith_output_179ceb51e86cf8a2.c",29,1,0,0,46,1,0,0
"csmith_out/csmith_output_179ceb539901c97b.c",21,1,0,0,21,2,0,0
"csmith_out/csmith_output_179ceb5403a2de6f.c",10,1,0,2,22,8,0,3
"csmith_out/csmith_output_179ceb54bf679fb4.c",32,1,0,2,45,3,0,3
"csmith_out/csmith_output_179ceb56963ea547.c",11,1,0,0,16,1,0,0
"csmith_out/csmith_output_179ceb5753987251.c",18,1,0,0,29,1,0,0
"csmith_out/csmith_output_179ceb57f38900c4.c",28,1,0,2,44,1,0,2
"csmith_out/csmith_output_179ceb5a7a3db3d9.c",11,1,0,0,10,1,0,0
"csmith_out/csmith_output_179ceb5acbe70ae8.c",1,1,0,0,1,1,0,0
"csmith_out/csmith_output_179ceb5ae2cb9c95.c",9,1,0,0,22,1,0,0
"csmith_out/csmith_output_179ceb5b96f1093c.c",16,1,0,0,17,1,0,0
"csmith_out/csmith_output_179ceb5c3f827e58.c",16,1,0,0,26,3,0,0
"csmith_out/csmith_output_179ceb5ccc7c73a5.c",8,1,0,0,11,1,0,0
"csmith_out/csmith_output_179ceb5d37515592.c",0,0,0,0,0,0,0,0
"csmith_out/csmith_output_179ceb5d46af3530.c",24,1,0,5,35,4,0,3
"csmith_out/csmith_output_179ceb5ebe9e34d8.c",1,0,0,0,1,0,0,0
"csmith_out/csmith_output_179ceb5f3dab507e.c",4,1,0,3,8,2,0,0
"csmith_out/csmith_output_179ceb5f7bcf1051.c",11,1,0,0,13,1,0,0
"csmith_out/csmith_output_179ceb5ffadddce2.c",7,1,0,0,7,1,0,0
"csmith_out/csmith_output_179ceb6047165129.c",8,1,0,0,13,1,0,0
"csmith_out/csmith_output_179ceb608f3c6aa2.c",13,1,0,0,12,1,0,0
"csmith_out/csmith_output_179ceb6137f42f55.c",13,1,0,0,22,1,0,0
"csmith_out/csmith_output_179ceb62c3fcdb81.c",9,1,0,0,15,1,0,0
"csmith_out/csmith_output_179ceb63a1ac776c.c",17,1,0,0,18,2,0,0
"csmith_out/csmith_output_179ceb644c4dda67.c",6,1,0,0,14,2,0,0
"csmith_out/csmith_output_179ceb64b212b72a.c",12,1,0,0,11,1,0,0
"csmith_out/csmith_output_179ceb64fc14ffe9.c",6,1,0,0,11,3,0,0
"csmith_out/csmith_output_179ceb6562dee4d2.c",1,0,0,0,1,0,0,0
"csmith_out/csmith_output_179ceb657488bdb5.c",16,1,0,3,20,3,0,4
"csmith_out/csmith_output_179ceb65fbf93168.c",8,1,0,0,12,1,0,0
"csmith_out/csmith_output_179ceb663c80bdd4.c",23,1,0,0,33,1,0,0
"csmith_out/csmith_output_179ceb6735b81944.c",32,1,0,1,56,1,0,1
"csmith_out/csmith_output_179ceb699a6e346a.c",3,1,0,0,5,1,0,0
"csmith_out/csmith_output_179ceb69b04408d3.c",7,1,0,0,23,1,0,0
"csmith_out/csmith_output_179ceb6a281a0ccc.c",15,1,0,0,12,1,0,0
"csmith_out/csmith_output_179ceb6a77fa9838.c",14,1,0,1,11,1,0,1
"csmith_out/csmith_output_179ceb6ad12eeb7b.c",20,1,0,0,27,2,0,0
"csmith_out/csmith_output_179ceb6b5f871d4a.c",8,1,0,1,12,1,0,1
"csmith_out/csmith_output_179ceb6baf553fa5.c",17,1,0,0,24,1,0,0
"csmith_out/csmith_output_179ceb6cfe64c3f9.c",3,1,0,0,2,1,0,0
"csmith_out/csmith_output_179ceb6d126ada00.c",4,0,0,2,5,2,0,0
"csmith_out/csmith_output_179ceb6db12db62e.c",7,1,0,0,10,1,0,0
"csmith_out/csmith_output_179ceb6dfeaada9f.c",2,1,0,0,2,1,0,0
"csmith_out/csmith_output_179ceb6e18077d2f.c",1,1,0,0,1,1,0,0
"csmith_out/csmith_output_179ceb6e2e67479b.c",14,1,0,0,19,1,0,0
"csmith_out/csmith_output_179ceb6eb771ec9c.c",17,1,0,0,25,1,0,0
"csmith_out/csmith_output_179ceb6f944e42f7.c",15,1,0,0,19,1,0,0
"csmith_out/csmith_output_179ceb70660a7148.c",7,1,0,0,13,1,0,0
"csmith_out/csmith_output_179ceb715a7c7618.c",4,1,0,1,10,1,0,0
"csmith_out/csmith_output_179ceb718dda685c.c",25,1,0,0,35,1,0,0
"csmith_out/csmith_output_179ceb725d72d3d6.c",16,1,0,1,20,1,0,1
"csmith_out/csmith_output_179ceb72e092fe1c.c",11,1,0,0,19,1,0,0
"csmith_out/csmith_output_179ceb7398950495.c",4,1,0,2,10,1,0,2
"csmith_out/csmith_output_179ceb73d6ae2aec.c",1,1,0,0,1,1,0,0
"csmith_out/csmith_output_179ceb73eced9712.c",10,1,0,1,11,1,0,1
"csmith_out/csmith_output_179ceb74440cee04.c",0,0,0,0,0,0,0,0
"csmith_out/csmith_output_179ceb7455d1f877.c",20,1,0,2,28,2,0,2
"csmith_out/csmith_output_179ceb75e5f5ea41.c",2,1,0,0,1,0,0,0
"csmith_out/csmith_output_179ceb761262c4c5.c",21,1,0,0,16,1,0,0
"csmith_out/csmith_output_179ceb76bc15523c.c",7,1,0,0,16,1,0,0
"csmith_out/csmith_output_179ceb772eb2b38c.c",20,1,0,0,18,1,0,0
"csmith_out/csmith_output_179ceb7811b2851b.c",28,1,0,0,46,1,0,0
"csmith_out/csmith_output_179ceb79abb98f83.c",12,1,0,0,20,1,0,0
"csmith_out/csmith_output_179ceb7a8fdba477.c",2,0,0,0,1,0,0,0
"csmith_out/csmith_output_179ceb7ab2d566ad.c",1,1,0,0,1,1,0,0
"csmith_out/csmith_output_179ceb7ac4560385.c",11,1,0,5,12,1,0,1
"csmith_out/csmith_output_179ceb7b504b700e.c",18,1,0,0,19,1,0,0
"csmith_out/csmith_output_179ceb7bc0cd5a6b.c",2,1,0,0,2,1,0,0
"csmith_out/csmith_output_179ceb7bd4bb90d8.c",37,1,0,0,58,1,0,0
"csmith_out/csmith_output_179ceb7dc7c265f4.c",11,1,0,2,11,4,0,2
"csmith_out/csmith_output_179ceb7e1c32d852.c",13,1,0,2,16,1,0,1
"csmith_out/csmith_output_179ceb7ec00709c5.c",9,1,0,0,15,1,0,0
"csmith_out/csmith_output_179ceb7fa19d5e92.c",9,1,0,1,27,14,0,3
"csmith_out/csmith_output_179ceb801b24d48b.c",19,1,0,0,23,1,0,0
"csmith_out/csmith_output_179ceb81066d98a8.c",16,1,0,0,17,2,0,0
"csmith_out/csmith_output_179ceb81905b28a5.c",13,1,0,0,23,1,0,0
"csmith_out/csmith_output_179ceb822ea18ea6.c",8,1,0,1,11,1,0,0
"csmith_out/csmith_output_179ceb8270cbbb55.c",1,0,0,0,1,0,0,0
"csmith_out/csmith_output_179ceb82a3cee2de.c",17,1,0,0,16,1,0,0
"csmith_out/csmith_output_179ceb830a9ce070.c",2,0,0,0,6,4,0,0
"csmith_out/csmith_output_179ceb84f5451b1e.c",1,1,0,0,1,1,0,0
"csmith_out/csmith_output_179ceb8507abfb1a.c",17,1,0,1,19,2,0,1
"csmith_out/csmith_output_179ceb857264d49b.c",2,1,0,0,5,2,0,1
"csmith_out/csmith_output_179ceb8587ecd74b.c",12,1,0,0,17,1,0,0
"csmith_out/csmith_output_179ceb85f076e75f.c",23,1,0,5,34,3,0,4
"csmith_out/csmith_output_179ceb86f0a49732.c",3,0,0,3,4,1,0,2
"csmith_out/csmith_output_179ceb87a054ca92.c",9,1,0,0,16,1,0,0
"csmith_out/csmith_output_179ceb886a5b6462.c",16,1,0,0,24,1,0,0
"csmith_out/csmith_output_179ceb891e37ab56.c",1,1,0,0,1,1,0,0
"csmith_out/csmith_output_179ceb8933505e68.c",2,0,0,0,2,0,0,0
"csmith_out/csmith_output_179ceb8a10768e78.c",4,1,0,0,2,1,0,0
"csmith_out/csmith_output_179ceb8a24712c5c.c",4,1,0,0,2,1,0,0
"csmith_out/csmith_output_179ceb8a392adcd7.c",15,1,0,0,20,1,0,0
"csmith_out/csmith_output_179ceb8ae85c7baa.c",14,1,0,0,22,1,0,0
"csmith_out/csmith_output_179ceb8b4e068eae.c",5,1,0,1,12,1,0,1
"csmith_out/csmith_output_179ceb8bb153cf95.c",33,1,0,0,50,1,0,0
"csmith_out/csmith_output_179ceb8d072c1e2d.c",1,1,0,0,1,1,0,0
"csmith_out/csmith_output_179ceb8d1b2ae7a9.c",9,1,0,0,16,1,0,0
"csmith_out/csmith_output_179ceb8d9739eff3.c",0,0,0,0,0,0,0,0
"csmith_out/csmith_output_179ceb8da6813abf.c",7,1,0,0,13,2,0,0
"csmith_out/csmith_output_179ceb8e413afbde.c",6,1,0,0,19,7,0,0
"csmith_out/csmith_output_179ceb8ec6bc2d1d.c",10,1,0,0,13,1,0,0
"csmith_out/csmith_output_179ceb8f536e0666.c",17,1,0,2,22,3,0,1
"csmith_out/csmith_output_179ceb8fe67dc63d.c",1,1,0,0,1,1,0,0
"csmith_out/csmith_output_179ceb8ffae72405.c",15,1,0,0,18,2,0,0
"csmith_out/csmith_output_179ceb9062059f16.c",7,1,0,0,13,1,0,0
"csmith_out/csmith_output_179ceb90f2842502.c",11,1,0,0,12,1,0,0
"csmith_out/csmith_output_179ceb9178ca65d4.c",1,1,0,2,11,1,0,2
"csmith_out/csmith_output_179ceb91e01fa23d.c",6,1,0,0,13,1,0,0
"csmith_out/csmith_output_179ceb92925176aa.c",8,1,0,3,10,3,0,3
"csmith_out/csmith_output_179ceb9346489702.c",6,1,0,0,10,1,0,0
"csmith_out/csmith_output_179ceb939e62205e.c",7,0,0,5,7,2,0,5
"csmith_out/csmith_output_179ceb941251375b.c",8,1,0,1,11,4,0,0
"csmith_out/csmith_output_179ceb9463f96de2.c",4,1,0,0,10,1,0,0
"csmith_out/csmith_output_179ceb9492859742.c",5,1,0,0,10,1,0,0
"csmith_out/csmith_output_179ceb94d9f55eff.c",9,1,0,0,15,1,0,0
"csmith_out/csmith_output_179ceb95c1a3af58.c",7,1,0,0,15,1,0,0
"csmith_out/csmith_output_179ceb970861af5b.c",13,1,0,0,13,1,0,0
"csmith_out/csmith_output_179ceb979dbc1a26.c",5,1,0,0,13,2,0,0
"csmith_out/csmith_output_179ceb982114650a.c",19,1,0,1,24,3,0,1
"csmith_out/csmith_output_179ceb9945e0d838.c",5,1,0,0,11,1,0,0
"csmith_out/csmith_output_179ceb9a31945e2a.c",19,1,0,1,28,2,0,1
"csmith_out/csmith_output_179ceb9af6dbef22.c",33,1,0,0,38,1,0,0
"csmith_out/csmith_output_179ceb9d1631656b.c",7,1,0,3,11,1,0,3
"csmith_out/csmith_output_179ceb9d9f7327f4.c",1,1,0,0,1,1,0,0
"csmith_out/csmith_output_179ceb9db08d4973.c",14,1,0,0,16,1,0,0
"csmith_out/csmith_output_179ceb9e4f08244c.c",13,1,0,0,16,2,0,0
"csmith_out/csmith_output_179ceb9eae2b0340.c",26,1,0,0,28,1,0,0
"csmith_out/csmith_output_179ceba007cb3d4b.c",18,1,0,0,19,1,0,0
"csmith_out/csmith_output_179ceba0e046d1fd.c",3,1,0,0,10,1,0,0
"csmith_out/csmith_output_179ceba15880ab84.c",3,1,0,0,11,1,0,0
"csmith_out/csmith_output_179ceba1b5bd9490.c",8,1,0,0,13,1,0,0
"csmith_out/csmith_output_179ceba2624b8075.c",7,1,0,12,11,2,0,0
"csmith_out/csmith_output_179ceba2a4384552.c",9,1,0,0,14,1,0,0
"csmith_out/csmith_output_179ceba3737be23d.c",15,1,0,4,14,1,0,4
"csmith_out/csmith_output_179ceba3dbce3168.c",19,1,0,0,25,2,0,0
"csmith_out/csmith_output_179ceba4c55a6b8b.c",21,1,0,11,25,3,0,11
"csmith_out/csmith_output_179ceba5ad8d2fd4.c",1,0,0,0,1,0,0,0
"csmith_out/csmith_output_179ceba6cf4684d5.c",29,1,0,0,34,2,0,0
"csmith_out/csmith_output_179ceba7dd2857c9.c",1,0,0,0,2,1,0,0
"csmith_out/csmith_output_179ceba8524a6603.c",20,1,0,1,22,1,0,1
"csmith_out/csmith_output_179ceba8c9715e3b.c",26,1,0,0,39,2,0,0
"csmith_out/csmith_output_179cebaa0f65a785.c",1,1,0,0,1,1,0,0
"csmith_out/csmith_output_179cebaa21965695.c",18,1,0,0,32,1,0,0
"csmith_out/csmith_output_179cebac0a8ee54f.c",2,1,0,0,2,1,0,0
"csmith_out/csmith_output_179cebac2863f7ae.c",10,1,0,0,15,1,0,0
"csmith_out/csmith_output_179cebaccbfc09a2.c",3,1,0,0,10,1,0,0
"csmith_out/csmith_output_179cebad0939547e.c",18,1,0,0,18,1,0,0
"csmith_out/csmith_output_179cebad7653e8d4.c",6,1,0,0,15,1,0,0
"csmith_out/csmith_output_179cebae17c405b0.c",2,0,0,0,5,3,0,1
"csmith_out/csmith_output_179cebae4e879345.c",11,1,0,0,21,1,0,0
"csmith_out/csmith_output_179cebaef058490e.c",1,1,0,0,1,1,0,0
"csmith_out/csmith_output_179cebaf047efe2b.c",15,1,0,2,20,2,0,2
"csmith_out/csmith_output_179cebaf8a0c730e.c",3,1,0,1,9,1,0,1
"csmith_out/csmith_output_179cebafb2a3dde4.c",39,1,0,1,50,1,0,1
"csmith_out/csmith_output_179cebb19200ea34.c",5,1,0,0,7,1,0,0
"csmith_out/csmith_output_179cebb1c8fbd2fa.c",18,1,0,0,21,1,0,0
"csmith_out/csmith_output_179cebb2d5cdba68.c",3,1,0,1,10,1,0,0
"csmith_out/csmith_output_179cebb3330cf304.c",14,1,0,0,19,4,0,0
"csmith_out/csmith_output_179cebb48664917a.c",1,1,0,0,1,1,0,0
"csmith_out/csmith_output_179cebb49b7fa2a2.c",16,1,0,1,30,2,0,1
"csmith_out/csmith_output_179cebb58b0b8c12.c",16,1,0,0,28,2,0,0
"csmith_out/csmith_output_179cebb691f543aa.c",15,1,0,0,16,1,0,0
"csmith_out/csmith_output_179cebb6ff88d2a6.c",1,0,0,0,1,0,0,0
"csmith_out/csmith_output_179cebb753bcfe9d.c",25,1,0,0,36,1,0,0
"csmith_out/csmith_output_179cebb8903002a1.c",1,1,0,0,1,1,0,0
"csmith_out/csmith_output_179cebb8a52625fe.c",2,1,0,0,2,1,0,0
"csmith_out/csmith_output_179cebb8bc0b01b3.c",4,1,0,0,10,1,0,0
"csmith_out/csmith_output_179cebb9302da46d.c",10,1,0,0,10,1,0,0
"csmith_out/csmith_output_179cebb9f149a0f2.c",22,1,0,0,35,1,0,0
"csmith_out/csmith_output_179cebbbfcde5771.c",11,1,0,0,13,1,0,0
"csmith_out/csmith_output_179cebbc84cc7017.c",13,1,0,0,23,1,0,0
"csmith_out/csmith_output_179cebbd293b49a2.c",1,1,0,0,1,1,0,0
"csmith_out/csmith_output_179cebbd3b3f4e9c.c",14,1,0,0,20,1,0,0
"csmith_out/csmith_output_179cebbd95626e55.c",8,1,0,0,11,1,0,0
"csmith_out/csmith_output_179cebbdf1dcad6f.c",1,1,0,0,1,1,0,0
"csmith_out/csmith_output_179cebbe07f9779b.c",1,1,0,0,1,1,0,0
"csmith_out/csmith_output_179cebbe1b057226.c",19,1,0,1,16,6,0,5
"csmith_out/csmith_output_179cebbe98c39cc4.c",9,1,0,0,13,1,0,0
"csmith_out/csmith_output_179cebbf14bc5462.c",7,1,0,0,17,1,0,0
"csmith_out/csmith_output_179cebbfaa8f6a21.c",14,1,0,0,22,1,0,0
"csmith_out/csmith_output_179cebc0847ef491.c",1,1,0,0,3,1,0,0
"csmith_out/csmith_output_179cebc099019b4e.c",2,1,0,0,2,1,0,0
"csmith_out/csmith_output_179cebc0ab31ea3b.c",23,1,0,1,43,7,0,0
"csmith_out/csmith_output_179cebc1695ed76c.c",16,1,0,0,19,1,0,0
"csmith_out/csmith_output_179cebc272a8e9c6.c",17,1,0,1,24,4,0,3
"csmith_out/csmith_output_179cebc3388204eb.c",22,1,0,0,31,12,0,0
"csmith_out/csmith_output_179cebc3ce46f454.c",23,1,0,0,29,4,0,0
"csmith_out/csmith_output_179cebc45ee9888d.c",5,1,0,0,12,2,0,0
"csmith_out/csmith_output_179cebc4d0ac811f.c",2,0,0,0,2,0,0,0
"csmith_out/csmith_output_179cebc5dd2ecd47.c",14,1,0,2,13,2,0,2
"csmith_out/csmith_output_179cebc6497ee704.c",6,1,0,3,12,1,0,3
"csmith_out/csmith_output_179cebc69bee8b5a.c",20,1,0,0,18,1,0,0
"csmith_out/csmith_output_179cebc739958e52.c",0,0,0,0,0,0,0,0
"csmith_out/csmith_output_179cebc748e5e460.c",10,1,0,0,13,1,0,0
"csmith_out/csmith_output_179cebc7cf3dba06.c",15,1,0,0,18,2,0,0
"csmith_out/csmith_output_179cebc85323c0b3.c",15,1,0,0,23,1,0,0
"csmith_out/csmith_output_179cebc9aca2cc80.c",16,1,0,1,21,3,0,2
"csmith_out/csmith_output_179cebca6648b989.c",8,1,0,0,10,1,0,0
"csmith_out/csmith_output_179cebcad51f9c6a.c",14,1,0,0,19,2,0,0
"csmith_out/csmith_output_179cebcbad89c882.c",1,1,0,0,1,1,0,0
"csmith_out/csmith_output_179cebcbc0e6e3c1.c",5,1,0,0,10,1,0,0
"csmith_out/csmith_output_179cebcc751c3ae6.c",7,1,0,0,21,1,0,0
"csmith_out/csmith_output_179cebccf2339219.c",8,1,0,1,10,1,0,1
"csmith_out/csmith_output_179cebcd4e9fb6ce.c",9,1,0,2,16,1,0,2
"csmith_out/csmith_output_179cebce1a037a0f.c",21,1,0,0,24,1,0,0
"csmith_out/csmith_output_179cebcf0f5cf3ac.c",9,1,0,0,16,1,0,0
"csmith_out/csmith_output_179cebcf7754a0fe.c",12,1,0,0,23,1,0,0
"csmith_out/csmith_output_179cebd052db5a96.c",20,1,0,0,24,1,0,0
"csmith_out/csmith_output_179cebd13211aa8f.c",20,1,0,0,32,1,0,0
"csmith_out/csmith_output_179cebd21cee2edd.c",19,1,0,0,24,1,0,0
"csmith_out/csmith_output_179cebd306af7495.c",2,1,0,0,10,1,0,0
"csmith_out/csmith_output_179cebd3356cf54a.c",18,1,0,6,25,1,0,6
"csmith_out/csmith_output_179cebd45abc3a63.c",22,1,0,2,40,3,0,3
"csmith_out/csmith_output_179cebd55aaa6474.c",1,1,0,0,2,1,0,0
"csmith_out/csmith_output_179cebd56eb07659.c",25,1,0,0,40,1,0,0
"csmith_out/csmith_output_179cebd644f35df2.c",11,1,0,0,25,1,0,0
"csmith_out/csmith_output_179cebd75a802ac7.c",1,1,0,0,1,1,0,0
"csmith_out/csmith_output_179cebd76c942b36.c",21,1,0,3,23,3,0,3
"csmith_out/csmith_output_179cebd82082ab9a.c",5,1,0,0,3,1,0,0
"csmith_out/csmith_output_179cebd8396e8d97.c",2,1,0,0,2,1,0,0
"csmith_out/csmith_output_179cebd850138367.c",4,1,0,1,9,4,0,1
"csmith_out/csmith_output_179cebd8949d605a.c",6,1,0,8,12,3,0,1
"csmith_out/csmith_output_179cebd8db7e4935.c",6,1,0,1,3,1,0,1
"csmith_out/csmith_output_179cebd8f2e7b175.c",5,1,0,0,12,2,0,0
"csmith_out/csmith_output_179cebd98c34f0c4.c",2,1,0,0,2,1,0,0
"csmith_out/csmith_output_179cebd9a156fab5.c",9,1,0,0,15,1,0,0
"csmith_out/csmith_output_179cebda1bed5a13.c",6,1,0,0,9,1,0,0
"csmith_out/csmith_output_179cebda4f130dde.c",9,1,0,1,11,1,0,0
"csmith_out/csmith_output_179cebdacf3b7607.c",4,1,0,1,12,1,0,1
"csmith_out/csmith_output_179cebdb0b343442.c",27,1,0,1,27,3,0,0
"csmith_out/csmith_output_179cebdc1cc48352.c",14,1,0,0,17,1,0,0
"csmith_out/csmith_output_179cebdca9ba2495.c",2,1,0,0,4,1,0,0
"csmith_out/csmith_output_179cebdcbe3a16c0.c",15,1,0,1,19,4,0,1
"csmith_out/csmith_output_179cebdd5e6a1db4.c",5,1,0,0,10,1,0,0
"csmith_out/csmith_output_179cebdd9ad9f0d6.c",4,1,0,0,11,1,0,0
"csmith_out/csmith_output_179cebde0ec1b0ec.c",1,0,0,0,1,0,0,0
"csmith_out/csmith_output_179cebde633109bd.c",11,1,0,0,10,1,0,0
"csmith_out/csmith_output_179cebdee503a4c1.c",1,1,0,0,1,1,0,0
"csmith_out/csmith_output_179cebdef80116c8.c",10,1,0,0,13,1,0,0
"csmith_out/csmith_output_179cebdf4a638c1a.c",15,1,0,0,13,1,0,0
"csmith_out/csmith_output_179cebdfe9f91b0d.c",4,1,0,0,14,1,0,0
"csmith_out/csmith_output_179cebe065a368b6.c",0,0,0,0,0,0,0,0
"csmith_out/csmith_output_179cebe07840d590.c",13,1,0,0,19,1,0,0
"csmith_out/csmith_output_179cebe0eb10b551.c",1,0,0,0,1,0,0,0
"csmith_out/csmith_output_179cebe150777ed9.c",14,1,0,0,13,1,0,0
"csmith_out/csmith_output_179cebe1d1c962ab.c",8,1,0,0,16,1,0,0
"csmith_out/csmith_output_179cebe27620b4ed.c",0,0,0,0,0,0,0,0
"csmith_out/csmith_output_179cebe28b436109.c",5,1,0,0,12,1,0,0
"csmith_out/csmith_output_179cebe33566e029.c",10,1,0,1,11,2,0,0
"csmith_out/csmith_output_179cebe38592228c.c",8,1,0,0,13,1,0,0
"csmith_out/csmith_output_179cebe3f2e220b6.c",1,1,0,0,2,1,0,0
"csmith_out/csmith_output_179cebe40930408f.c",9,1,0,1,14,1,0,1
"csmith_out/csmith_output_179cebe497aca27c.c",6,1,0,0,14,3,0,0
"csmith_out/csmith_output_179cebe50a0865e5.c",10,1,0,2,14,1,0,2
"csmith_out/csmith_output_179cebe5d31c0b92.c",3,1,0,1,2,1,0,0
"csmith_out/csmith_output_179cebe5e9a75444.c",12,1,0,0,20,3,0,0
"csmith_out/csmith_output_179cebe68ab0f925.c",1,1,0,0,1,1,0,0
"csmith_out/csmith_output_179cebe69ea46856.c",13,1,0,0,16,1,0,0
"csmith_out/csmith_output_179cebe76c9327bf.c",1,0,0,0,9,1,0,0
"csmith_out/csmith_output_179cebe8072dd131.c",0,0,0,0,0,0,0,0
"csmith_out/csmith_output_179cebe81735f9a5.c",24,1,0,0,27,1,0,0
"csmith_out/csmith_output_179cebe8fd55513f.c",3,1,0,0,10,1,0,0
"csmith_out/csmith_output_179cebe960093cc1.c",19,1,0,2,21,4,0,2
"csmith_out/csmith_output_179cebea3d8a2ed1.c",2,1,0,0,8,2,0,1
"csmith_out/csmith_output_179cebea707a66fb.c",13,1,0,0,16,1,0,0
"csmith_out/csmith_output_179cebeb121bc1ca.c",17,1,0,0,64,35,0,0
"csmith_out/csmith_output_179cebec2c91adb5.c",12,1,0,0,17,1,0,0
"csmith_out/csmith_output_179cebecf0ed7406.c",30,1,0,0,49,1,0,0
"csmith_out/csmith_output_179cebef8378ed54.c",13,1,0,0,18,1,0,0
"csmith_out/csmith_output_179cebf004bf2713.c",1,0,0,0,2,1,0,0
"csmith_out/csmith_output_179cebf037b2440a.c",2,1,0,0,2,1,0,0
"csmith_out/csmith_output_179cebf04e84a983.c",22,1,0,0,30,1,0,0
"csmith_out/csmith_output_179cebf1bf72dba7.c",15,1,0,0,23,1,0,0
"csmith_out/csmith_output_179cebf28cf28024.c",10,1,0,0,16,1,0,2
"csmith_out/csmith_output_179cebf36884fb72.c",21,1,0,0,27,1,0,0
"csmith_out/csmith_output_179cebf3f8275124.c",18,1,0,0,34,3,0,0
"csmith_out/csmith_output_179cebf4b6536f3c.c",26,1,0,7,25,1,0,7
"csmith_out/csmith_output_179cebf579a52bac.c",12,1,0,0,14,1,0,0
"csmith_out/csmith_output_179cebf601cb58f9.c",1,1,0,0,1,1,0,0
"csmith_out/csmith_output_179cebf61434ea9f.c",5,1,0,1,14,2,0,1
"csmith_out/csmith_output_179cebf65510b15e.c",11,1,0,5,18,2,0,0
"csmith_out/csmith_output_179cebf6f22aa48f.c",10,1,0,0,10,1,0,0
"csmith_out/csmith_output_179cebf76496b26d.c",2,1,0,0,2,1,0,0
"csmith_out/csmith_output_179cebf778eaa66f.c",22,1,0,2,36,2,0,3
"csmith_out/csmith_output_179cebf9d220983a.c",11,1,0,1,16,1,0,1
"csmith_out/csmith_output_179cebfa57641397.c",3,1,0,1,13,1,0,1
"csmith_out/csmith_output_179cebfad0e00c54.c",1,0,0,0,1,0,0,0
"csmith_out/csmith_output_179cebfb083dcd18.c",2,1,0,0,2,1,0,0
"csmith_out/csmith_output_179cebfb1d48ac6f.c",1,1,0,0,1,1,0,0
"csmith_out/csmith_output_179cebfb31193dbe.c",11,1,0,0,24,2,0,0
"csmith_out/csmith_output_179cebfbc8c7fb3f.c",3,1,0,0,11,1,0,0
"csmith_out/csmith_output_179cebfc6a396c68.c",0,0,0,0,0,0,0,0
"csmith_out/csmith_output_179cebfc7b08a9bd.c",11,1,0,1,18,1,0,1
"csmith_out/csmith_output_179cebfd2ccad8bc.c",10,1,0,0,10,1,0,0
"csmith_out/csmith_output_179cebfd70fe1939.c",19,1,0,0,24,1,0,0
"csmith_out/csmith_output_179cebfe4659eec8.c",17,1,0,2,18,1,0,2
"csmith_out/csmith_output_179cebff2183bbcd.c",15,1,0,0,19,1,0,0
"csmith_out/csmith_output_179cebffc1241919.c",1,1,0,0,5,1,0,0
"csmith_out/csmith_output_179cec000b31cb4d.c",3,1,0,0,10,1,0,0
"csmith_out/csmith_output_179cec004fa317b0.c",7,1,0,1,14,2,0,1
"csmith_out/csmith_output_179cec00c0d1318f.c",9,1,0,0,10,1,0,0
"csmith_out/csmith_output_179cec011ec892d6.c",14,1,0,0,14,1,0,0
"csmith_out/csmith_output_179cec019daeecb2.c",4,1,0,0,4,1,0,0
"csmith_out/csmith_output_179cec01b442c1db.c",0,0,0,0,0,0,0,0
"csmith_out/csmith_output_179cec01c4555e3c.c",6,1,0,0,10,2,0,0
"csmith_out/csmith_output_179cec021a571705.c",15,1,0,0,26,1,0,0
"csmith_out/csmith_output_179cec03166764bb.c",6,1,0,6,11,1,0,6
"csmith_out/csmith_output_179cec038d153b82.c",1,1,0,0,1,1,0,0
"csmith_out/csmith_output_179cec03a295d05f.c",8,1,0,0,12,1,0,0
"csmith_out/csmith_output_179cec03e8b09874.c",0,0,0,0,0,0,0,0
"csmith_out/csmith_output_179cec03fb1ed25b.c",10,1,0,3,19,1,0,3
"csmith_out/csmith_output_179cec04e38187ab.c",7,1,0,2,12,2,0,0
"csmith_out/csmith_output_179cec052c879aa9.c",4,1,0,0,11,1,0,0
"csmith_out/csmith_output_179cec05af8a66f1.c",15,1,0,1,19,2,0,1
"csmith_out/csmith_output_179cec0651556003.c",6,1,0,0,13,1,0,0
"csmith_out/csmith_output_179cec06a6a56618.c",1,1,0,0,3,1,0,0
"csmith_out/csmith_output_179cec06bb3b9021.c",7,1,0,0,11,1,0,0
"csmith_out/csmith_output_179cec075cb9142c.c",1,0,0,0,1,0,0,0
"csmith_out/csmith_output_179cec085b10fa08.c",1,0,0,0,2,1,0,0
"csmith_out/csmith_output_179cec08c71cbe64.c",14,1,0,2,23,2,0,20
"csmith_out/csmith_output_179cec0b6ee7067d.c",8,1,0,0,11,2,0,1
"csmith_out/csmith_output_179cec0bb7796dbd.c",2,1,0,0,2,1,0,0
"csmith_out/csmith_output_179cec0bcc5cf631.c",1,1,0,0,1,1,0,0
"csmith_out/csmith_output_179cec0be10efc18.c",29,1,0,1,42,2,0,0
"csmith_out/csmith_output_179cec0d2b5efc1b.c",11,1,0,0,21,2,0,0
"csmith_out/csmith_output_179cec0deeb40714.c",9,1,0,0,14,1,0,0
"csmith_out/csmith_output_179cec0e482611a4.c",13,1,0,0,33,1,0,0
"csmith_out/csmith_output_179cec0f90cb9a14.c",15,1,0,2,18,6,0,2
"csmith_out/csmith_output_179cec0fe510a454.c",11,1,0,0,14,1,0,0
"csmith_out/csmith_output_179cec109196f2d3.c",32,1,0,0,47,1,0,0
"csmith_out/csmith_output_179cec120e68f022.c",12,1,0,0,12,1,0,0
"csmith_out/csmith_output_179cec125c03d262.c",4,1,0,0,10,1,0,0
"csmith_out/csmith_output_179cec12cfc947ee.c",18,1,0,30,18,1,0,30
"csmith_out/csmith_output_179cec13f6b7ab4d.c",2,1,0,0,12,1,0,0
"csmith_out/csmith_output_179cec145c998665.c",2,1,0,0,2,1,0,0
"csmith_out/csmith_output_179cec1475cf9f05.c",0,0,0,0,0,0,0,0
"csmith_out/csmith_output_179cec148a23977a.c",19,1,0,0,15,1,0,0
"csmith_out/csmith_output_179cec150dc15e7f.c",13,1,0,0,13,1,0,0
"csmith_out/csmith_output_179cec15bd724088.c",12,1,0,0,13,1,0,0
"csmith_out/csmith_output_179cec16b1f5e8cf.c",14,1,0,1,12,1,0,0
"csmith_out/csmith_output_179cec1723393c85.c",29,1,0,0,44,1,0,0
"csmith_out/csmith_output_179cec18638e50c2.c",14,1,0,1,17,2,0,1
"csmith_out/csmith_output_179cec190a6abbf8.c",11,1,0,0,15,2,0,0
"csmith_out/csmith_output_179cec19aa9f97b8.c",8,1,0,0,16,1,0,0
"csmith_out/csmith_output_179cec1aaf17a559.c",1,1,0,0,0,0,0,0
"csmith_out/csmith_output_179cec1ac2d9afd6.c",2,0,0,0,2,0,0,0
"csmith_out/csmith_output_179cec1b87f32704.c",16,1,0,1,48,18,0,1
"csmith_out/csmith_output_179cec1c61a67628.c",29,1,0,0,32,2,0,0
"csmith_out/csmith_output_179cec1d152e3d3f.c",5,1,0,0,11,2,0,0
"csmith_out/csmith_output_179cec1d7bac4a93.c",10,1,0,0,11,1,0,0
"csmith_out/csmith_output_179cec1df70dd1d1.c",11,1,0,0,23,1,0,0
"csmith_out/csmith_output_179cec1edbf8a30d.c",7,1,0,0,10,1,0,0
"csmith_out/csmith_output_179cec1f34c3f91e.c",1,0,0,0,1,0,0,0
"csmith_out/csmith_output_179cec20466f0047.c",7,1,0,0,12,1,0,0
"csmith_out/csmith_output_179cec20e4efd351.c",11,1,0,0,10,1,0,0
"csmith_out/csmith_output_179cec21283ea7af.c",1,1,0,0,1,1,0,0
"csmith_out/csmith_output_179cec213bd277ae.c",15,1,0,0,18,1,0,0
"csmith_out/csmith_output_179cec21e6d8347f.c",1,1,0,0,1,1,0,0
"csmith_out/csmith_output_179cec21fa26d78a.c",9,1,0,1,12,1,0,1
"csmith_out/csmith_output_179cec22560c0b8b.c",9,1,0,35,16,3,0,45
"csmith_out/csmith_output_179cec230d0b2c92.c",28,1,0,1,39,1,0,2
"csmith_out/csmith_output_179cec2468d98af3.c",17,1,0,0,25,1,0,0
"csmith_out/csmith_output_179cec256b2ab03c.c",10,1,0,0,12,1,0,0
"csmith_out/csmith_output_179cec25b9e26d8a.c",22,1,0,1,26,2,0,1
"csmith_out/csmith_output_179cec2651c73d1e.c",18,1,0,0,23,1,0,0
"csmith_out/csmith_output_179cec27e2878482.c",7,1,0,3,6,1,0,3
"csmith_out/csmith_output_179cec2849f53fd4.c",2,1,0,0,12,1,0,0
"csmith_out/csmith_output_179cec28884847a2.c",27,1,0,0,27,1,0,0
"csmith_out/csmith_output_179cec297849fae4.c",8,1,0,0,17,2,0,1
"csmith_out/csmith_output_179cec29df22fedc.c",9,1,0,0,12,1,0,0
"csmith_out/csmith_output_179cec2a657abe74.c",11,1,0,1,13,1,0,0
"csmith_out/csmith_output_179cec2add6e48ea.c",20,1,0,1,25,1,0,1
"csmith_out/csmith_output_179cec2bc837a0af.c",11,1,0,0,15,1,0,0
"csmith_out/csmith_output_179cec2c2f749aa1.c",8,1,0,1,24,2,0,0
"csmith_out/csmith_output_179cec2cf1240b66.c",11,1,0,0,18,1,0,0
"csmith_out/csmith_output_179cec2d86b4fb1a.c",13,1,0,0,20,1,0,1
"csmith_out/csmith_output_179cec2e4beb0042.c",1,1,0,0,2,1,0,0
"csmith_out/csmith_output_179cec2e6035b168.c",15,1,0,1,22,1,0,1
"csmith_out/csmith_output_179cec303fec7e85.c",1,1,0,0,1,1,0,0
"csmith_out/csmith_output_179cec305566fd78.c",1,1,0,0,2,1,0,0
"csmith_out/csmith_output_179cec306a59727e.c",22,1,0,1,25,1,0,1
"csmith_out/csmith_output_179cec30f8e6ce41.c",1,1,0,0,1,1,0,0
"csmith_out/csmith_output_179cec310ebe401f.c",11,1,0,0,23,1,0,0
"csmith_out/csmith_output_179cec31c7e90965.c",16,1,0,0,21,1,0,0
"csmith_out/csmith_output_179cec32bf4d42f7.c",8,1,0,1,10,2,0,0
"csmith_out/csmith_output_179cec3315a69e4f.c",1,1,0,0,1,1,0,0
"csmith_out/csmith_output_179cec332d1ba583.c",11,1,0,0,14,2,0,0
"csmith_out/csmith_output_179cec33d4ece4f3.c",10,1,0,3,38,4,0,4
"csmith_out/csmith_output_179cec348f04cab8.c",13,1,0,0,17,1,0,0
"csmith_out/csmith_output_179cec353ca05a3e.c",13,1,0,0,13,1,0,0
"csmith_out/csmith_output_179cec35ffa03bca.c",4,1,0,23,10,2,0,23
"csmith_out/csmith_output_179cec366e4ed2e6.c",16,1,0,4,20,3,0,0
"csmith_out/csmith_output_179cec3754a1d6c1.c",1,0,0,0,1,0,0,0
"csmith_out/csmith_output_179cec37bd5e0e03.c",10,1,0,3,14,1,0,3
"csmith_out/csmith_output_179cec381f75009c.c",7,1,0,0,12,1,0,0
"csmith_out/csmith_output_179cec38cec791eb.c",10,1,0,1,12,3,0,2
"csmith_out/csmith_output_179cec391c69cfd2.c",9,1,0,0,10,1,0,0
"csmith_out/csmith_output_179cec395f1babde.c",23,1,0,0,43,1,0,0
"csmith_out/csmith_output_179cec3acb74e12c.c",18,1,0,1,38,2,0,0
"csmith_out/csmith_output_179cec3b95621d14.c",3,1,0,0,2,1,0,0
"csmith_out/csmith_output_179cec3bab2be77f.c",1,1,0,0,1,1,0,0
"csmith_out/csmith_output_179cec3bbcf07c39.c",17,1,0,0,13,1,0,0
"csmith_out/csmith_output_179cec3c2deb583b.c",11,1,0,0,13,1,0,0
"csmith_out/csmith_output_179cec3c90dc5f31.c",6,1,0,0,18,1,0,0
"csmith_out/csmith_output_179cec3d39554753.c",13,1,0,0,24,1,0,0
"csmith_out/csmith_output_179cec3e88a31161.c",16,1,0,5,18,4,0,2
"csmith_out/csmith_output_179cec3f4b451f8c.c",1,1,0,0,1,1,0,0
"csmith_out/csmith_output_179cec3f60d01bd2.c",1,0,0,0,1,0,0,0
"csmith_out/csmith_output_179cec3fa28d68dc.c",10,1,0,0,21,1,0,0
"csmith_out/csmith_output_179cec403ca5486c.c",1,0,0,0,1,0,0,0
"csmith_out/csmith_output_179cec40e511b1d7.c",21,1,0,2,29,6,0,2
"csmith_out/csmith_output_179cec41b560a2c7.c",13,1,0,0,19,2,0,0
"csmith_out/csmith_output_179cec426afef163.c",14,1,0,0,16,1,0,0
"csmith_out/csmith_output_179cec42f0c84dfb.c",2,1,0,0,5,1,0,0
"csmith_out/csmith_output_179cec430de100ff.c",8,1,0,20,20,1,0,30
"csmith_out/csmith_output_179cec43b7f99f08.c",8,1,0,0,14,1,0,0
"csmith_out/csmith_output_179cec4458ac9bf0.c",7,1,0,7,15,2,0,7
"csmith_out/csmith_output_179cec452ade2afd.c",4,1,0,0,9,2,0,0
"csmith_out/csmith_output_179cec455b75d9c5.c",7,1,0,0,19,2,0,0
"csmith_out/csmith_output_179cec46174101e0.c",3,1,0,0,12,1,0,0
"csmith_out/csmith_output_179cec465d99a772.c",11,1,0,0,17,3,0,1
"csmith_out/csmith_output_179cec46f3a5d340.c",26,1,0,0,25,1,0,0
"csmith_out/csmith_output_179cec48391d900d.c",13,1,0,0,18,1,0,0
"csmith_out/csmith_output_179cec48d566b462.c",13,1,0,0,19,1,0,0
"csmith_out/csmith_output_179cec49d6365540.c",19,1,0,0,23,1,0,0
"csmith_out/csmith_output_179cec4ad14b4efc.c",12,1,0,0,19,4,0,1
"csmith_out/csmith_output_179cec4b5e1037f5.c",6,1,0,0,1,0,0,0
"csmith_out/csmith_output_179cec4c0579bd6c.c",13,1,0,0,15,4,0,0
"csmith_out/csmith_output_179cec4d30ae6f4e.c",3,1,0,0,10,2,0,0
"csmith_out/csmith_output_179cec4d6e978c15.c",0,0,0,0,0,0,0,0
"csmith_out/csmith_output_179cec4d8095673c.c",6,1,0,2,16,4,0,3
"csmith_out/csmith_output_179cec4e4f32674b.c",5,1,0,0,13,1,0,0
"csmith_out/csmith_output_179cec4eb5b7e838.c",1,1,0,0,1,1,0,0
"csmith_out/csmith_output_179cec4ec7d46bcc.c",15,1,0,4,19,1,0,4
"csmith_out/csmith_output_179cec4f433d445b.c",3,1,0,1,3,1,0,1
"csmith_out/csmith_output_179cec4f5b1324f7.c",9,1,0,0,11,1,0,0
"csmith_out/csmith_output_179cec4fc0a380b5.c",6,1,0,0,12,1,0,0
"csmith_out/csmith_output_179cec5017c5c167.c",12,1,0,0,20,4,0,0
"csmith_out/csmith_output_179cec50ab940cdf.c",12,1,0,0,22,3,0,0
"csmith_out/csmith_output_179cec51530ff040.c",26,1,0,0,39,1,0,0
"csmith_out/csmith_output_179cec535f3d4bee.c",1,0,0,0,2,0,0,0
"csmith_out/csmith_output_179cec5493de4c01.c",18,1,0,0,27,1,0,0
"csmith_out/csmith_output_179cec559e55ae12.c",7,1,0,3,10,1,0,3
"csmith_out/csmith_output_179cec55f0ef870b.c",0,0,0,0,0,0,0,0
"csmith_out/csmith_output_179cec5603e47543.c",3,1,0,0,10,2,0,0
"csmith_out/csmith_output_179cec566136c798.c",8,1,0,0,15,1,0,0
"csmith_out/csmith_output_179cec56d163da67.c",17,1,0,3,25,4,0,2
"csmith_out/csmith_output_179cec57989ca6e4.c",5,1,0,0,10,1,0,0
"csmith_out/csmith_output_179cec57f48714e7.c",41,1,0,0,53,1,0,0
"csmith_out/csmith_output_179cec6009ae6ad5.c",12,1,0,0,43,1,0,0
"csmith_out/csmith_output_179cec6285fd329e.c",7,0,0,1,13,2,0,5
"csmith_out/csmith_output_179cec63a7e83dee.c",7,1,0,12,17,1,0,12
"csmith_out/csmith_output_179cec6431854bec.c",7,1,0,2,7,1,0,1
"csmith_out/csmith_output_179cec64aba32bd8.c",22,1,0,0,25,1,0,0
"csmith_out/csmith_output_179cec654b6a00ab.c",0,0,0,0,0,0,0,0
"csmith_out/csmith_output_179cec655b4cd054.c",19,1,0,0,39,11,0,0
"csmith_out/csmith_output_179cec663254160b.c",11,1,0,0,19,1,0,0
"csmith_out/csmith_output_179cec66b66ab26e.c",1,1,0,0,3,1,0,0
"csmith_out/csmith_output_179cec66cb824741.c",12,1,0,0,12,2,0,0
"csmith_out/csmith_output_179cec674daac651.c",1,0,0,0,1,0,0,0
"csmith_out/csmith_output_179cec680d5da512.c",18,1,0,6,34,7,0,6
"csmith_out/csmith_output_179cec68d243fe9f.c",2,1,0,0,2,1,0,0
"csmith_out/csmith_output_179cec68e6dd615f.c",8,1,0,1,12,1,0,1
"csmith_out/csmith_output_179cec692337ab1e.c",3,1,0,0,9,1,0,0
"csmith_out/csmith_output_179cec697df43f6b.c",27,1,0,0,35,1,0,0
"csmith_out/csmith_output_179cec6a5ade0e39.c",16,1,0,2,25,5,0,2
"csmith_out/csmith_output_179cec6b63dc981b.c",15,1,0,2,12,1,0,2
"csmith_out/csmith_output_179cec6bc2c6bc4a.c",14,1,0,0,12,1,0,0
"csmith_out/csmith_output_179cec6c1c156007.c",0,0,0,0,0,0,0,0
"csmith_out/csmith_output_179cec6c2e693fa4.c",12,1,0,0,19,1,0,0
"csmith_out/csmith_output_179cec6cb5b2f79f.c",8,1,0,0,20,1,0,0
"csmith_out/csmith_output_179cec6d31e3e6b8.c",8,1,0,5,14,3,0,12
"csmith_out/csmith_output_179cec6dc5b7dc08.c",28,1,0,0,36,1,0,0
"csmith_out/csmith_output_179cec6fc4ed3920.c",11,1,0,0,17,2,0,0
"csmith_out/csmith_output_179cec7039b83ae6.c",6,1,0,0,12,1,0,0
"csmith_out/csmith_output_179cec70d1304059.c",7,1,0,0,12,1,0,0
"csmith_out/csmith_output_179cec712cc9c153.c",13,1,0,1,13,2,0,1
"csmith_out/csmith_output_179cec71c9bf6a0b.c",1,1,0,0,1,1,0,0
"csmith_out/csmith_output_179cec71dd7db193.c",14,1,0,4,23,1,0,4
"csmith_out/csmith_output_179cec730175577f.c",14,1,0,0,18,1,0,0
"csmith_out/csmith_output_179cec737737d9e2.c",1,1,0,0,3,1,0,0
"csmith_out/csmith_output_179cec738eec13fe.c",14,1,0,0,24,1,0,0
"csmith_out/csmith_output_179cec74e7be8a6f.c",11,1,0,0,18,1,0,0
"csmith_out/csmith_output_179cec7557c492ab.c",13,1,0,2,19,1,0,0
"csmith_out/csmith_output_179cec75d8e530a6.c",1,1,0,0,1,1,0,0
"csmith_out/csmith_output_179cec75ef8cb50f.c",1,1,0,0,1,1,0,0
"csmith_out/csmith_output_179cec76040a5a5c.c",9,1,0,0,11,1,0,0
"csmith_out/csmith_output_179cec766776f30e.c",7,1,0,0,11,1,0,0
"csmith_out/csmith_output_179cec76d12dea55.c",8,1,0,0,37,22,0,0
"csmith_out/csmith_output_179cec77c27186f8.c",36,1,0,0,43,2,0,0
"csmith_out/csmith_output_179cec7a50b29097.c",31,1,0,0,39,2,0,0
"csmith_out/csmith_output_179cec7b8ce71fbb.c",22,1,0,0,35,1,0,0
"csmith_out/csmith_output_179cec7c4006ac68.c",20,1,0,0,30,1,0,0
"csmith_out/csmith_output_179cec7dd5433a0d.c",9,1,0,0,15,1,0,0
"csmith_out/csmith_output_179cec7e2774265a.c",8,1,0,0,17,1,0,0
"csmith_out/csmith_output_179cec7f413b0cb1.c",8,1,0,0,14,1,0,0
"csmith_out/csmith_output_179cec7faba7b8c9.c",1,0,0,0,1,0,0,0
"csmith_out/csmith_output_179cec8024d69c3a.c",1,1,0,0,1,1,0,0
"csmith_out/csmith_output_179cec8038db2c46.c",16,1,0,0,21,1,0,0
"csmith_out/csmith_output_179cec8139cfd011.c",22,1,0,0,25,1,0,0
"csmith_out/csmith_output_179cec8241bf4477.c",3,1,0,0,11,1,0,0
"csmith_out/csmith_output_179cec827802aff1.c",30,1,0,0,39,1,0,0
"csmith_out/csmith_output_179cec83f8ea6a20.c",16,1,0,0,17,1,0,0
"csmith_out/csmith_output_179cec84baf5c64c.c",1,1,0,0,3,1,0,0
"csmith_out/csmith_output_179cec84d10eced6.c",29,1,0,0,45,1,0,0
"csmith_out/csmith_output_179cec86d536b429.c",8,1,0,0,15,1,0,0
"csmith_out/csmith_output_179cec875d0bfdcb.c",1,0,0,0,1,0,0,0
"csmith_out/csmith_output_179cec8792bd5d3c.c",15,1,0,0,24,1,0,0
"csmith_out/csmith_output_179cec888cbb693d.c",1,1,0,0,9,1,0,0
"csmith_out/csmith_output_179cec89074ee04b.c",12,1,0,0,14,1,0,0
"csmith_out/csmith_output_179cec897c9c4ca5.c",11,1,0,0,29,2,0,0
"csmith_out/csmith_output_179cec8a819ac721.c",22,1,0,0,42,2,0,0
"csmith_out/csmith_output_179cec8b9748e24b.c",1,1,0,0,1,1,0,0
"csmith_out/csmith_output_179cec8babed8ca9.c",18,1,0,0,19,1,0,0
"csmith_out/csmith_output_179cec8c9e11e635.c",11,1,0,5,17,2,0,5
"csmith_out/csmith_output_179cec8d136637e2.c",6,1,0,0,12,1,0,0
"csmith_out/csmith_output_179cec8d6dc9960b.c",1,1,0,0,1,1,0,0
"csmith_out/csmith_output_179cec8d81120cec.c",7,1,0,0,10,1,0,0
"csmith_out/csmith_output_179cec8e184d2ac0.c",3,1,0,0,0,0,0,0
"csmith_out/csmith_output_179cec8e59e7c053.c",5,1,0,1,10,1,0,1
"csmith_out/csmith_output_179cec8ed79884a0.c",2,1,0,0,8,1,0,0
"csmith_out/csmith_output_179cec8f155688de.c",1,1,0,0,1,1,0,0
"csmith_out/csmith_output_179cec8f2c489ad9.c",11,1,0,0,16,2,0,0
"csmith_out/csmith_output_179cec8fd871b48f.c",10,1,0,1,14,2,0,1
"csmith_out/csmith_output_179cec905356fbf9.c",27,1,0,0,25,2,0,0
"csmith_out/csmith_output_179cec90f66ea029.c",15,1,0,0,25,1,0,0
"csmith_out/csmith_output_179cec9226d9d538.c",10,1,0,1,17,1,0,1
"csmith_out/csmith_output_179cec9296e834c3.c",25,1,0,0,37,1,0,0
"csmith_out/csmith_output_179cec940a9c2a42.c",10,1,0,0,15,1,0,0
"csmith_out/csmith_output_179cec948507392d.c",1,0,0,2,1,0,0,0
"csmith_out/csmith_output_179cec954af84085.c",2,1,0,0,9,1,0,0
"csmith_out/csmith_output_179cec95a9fb8b65.c",1,1,0,0,1,1,0,0
"csmith_out/csmith_output_179cec95bee5feab.c",8,1,0,0,10,1,0,0
"csmith_out/csmith_output_179cec966240a767.c",4,1,0,0,11,1,0,0
"csmith_out/csmith_output_179cec96cd323554.c",11,1,0,0,19,1,0,0
"csmith_out/csmith_output_179cec9765556385.c",4,1,0,0,12,1,0,0
"csmith_out/csmith_output_179cec97b66d02ac.c",28,1,0,0,36,2,0,0
"csmith_out/csmith_output_179cec99cb511f1b.c",6,1,0,0,12,1,0,0
"csmith_out/csmith_output_179cec9a48d37779.c",6,1,0,7,13,1,0,5
"csmith_out/csmith_output_179cec9ad13520de.c",0,0,0,0,0,0,0,0
"csmith_out/csmith_output_179cec9ae5053831.c",25,1,0,0,55,1,0,0
"csmith_out/csmith_output_179cec9d1ce9730a.c",5,1,0,0,10,1,0,0
"csmith_out/csmith_output_179cec9d7bd2c2ec.c",6,0,0,0,2,0,0,0
"csmith_out/csmith_output_179cec9df5194e99.c",1,1,0,0,1,1,0,0
"csmith_out/csmith_output_179cec9e0a2a61b2.c",6,1,0,0,14,2,0,0
"csmith_out/csmith_output_179cec9e8302ecdf.c",43,1,0,0,51,1,0,0
"csmith_out/csmith_output_179ceca08b9f355e.c",22,1,0,0,45,3,0,0
"csmith_out/csmith_output_179ceca2709af789.c",12,1,0,0,19,1,0,0
"csmith_out/csmith_output_179ceca31198080a.c",9,1,0,3,24,3,0,4
"csmith_out/csmith_output_179ceca3d2be9f88.c",33,1,0,0,37,1,0,0
"csmith_out/csmith_output_179ceca59de02268.c",1,1,0,0,3,1,0,0
"csmith_out/csmith_output_179ceca5b0678396.c",16,1,0,0,21,2,0,0
"csmith_out/csmith_output_179ceca6eb782876.c",7,1,0,2,13,1,0,1
"csmith_out/csmith_output_179ceca730c4700a.c",6,1,0,0,10,1,0,0
"csmith_out/csmith_output_179ceca773d15122.c",7,1,0,0,3,1,0,0
"csmith_out/csmith_output_179ceca787968d2d.c",2,1,0,0,2,1,0,0
"csmith_out/csmith_output_179ceca79ce60ad0.c",14,1,0,0,15,1,0,0
"csmith_out/csmith_output_179ceca829a7e70e.c",27,1,0,8,50,1,0,12
"csmith_out/csmith_output_179ceca9726d075b.c",76,1,0,0,78,1,0,0
"csmith_out/csmith_output_179cecafecf1548e.c",31,1,0,10,45,4,0,13
"csmith_out/csmith_output_179cecb1a845ddbd.c",24,1,0,1,49,3,0,0
"csmith_out/csmith_output_179cecb388e3e193.c",1,1,0,0,1,1,0,0
"csmith_out/csmith_output_179cecb39b0cd6fa.c",6,1,0,0,17,1,0,0
"csmith_out/csmith_output_179cecb44c6bde93.c",10,1,0,0,19,1,0,0
"csmith_out/csmith_output_179cecb4ca6b2108.c",29,1,0,4,47,1,0,3
"csmith_out/csmith_output_179cecb849ade471.c",5,1,0,0,12,3,0,0
"csmith_out/csmith_output_179cecb90ff92ea8.c",12,1,0,0,14,1,0,0
"csmith_out/csmith_output_179cecb96cd8619d.c",14,1,0,0,24,1,0,0
"csmith_out/csmith_output_179cecba9dc13220.c",2,1,0,0,2,1,0,0
"csmith_out/csmith_output_179cecbab38cc24b.c",5,1,0,0,10,1,0,0
"csmith_out/csmith_output_179cecbafd1e65dc.c",9,1,0,0,10,1,0,0
"csmith_out/csmith_output_179cecbb9a12f30a.c",20,1,0,0,22,1,0,0
"csmith_out/csmith_output_179cecbc52e89f96.c",14,1,0,0,22,1,0,0
"csmith_out/csmith_output_179cecbcf4518e48.c",10,1,0,0,16,2,0,0
"csmith_out/csmith_output_179cecbd8a284da7.c",8,1,0,0,16,1,0,0
"csmith_out/csmith_output_179cecbde80591a4.c",1,1,0,0,3,1,0,0
"csmith_out/csmith_output_179cecbdfb6777c7.c",7,1,0,0,15,1,0,4
"csmith_out/csmith_output_179cecbe5896a135.c",6,1,0,0,6,1,0,0
"csmith_out/csmith_output_179cecbebdd68514.c",2,1,0,0,9,1,0,0
"csmith_out/csmith_output_179cecbf23ef2b15.c",12,1,0,0,17,4,0,0
"csmith_out/csmith_output_179cecbf92c59b2f.c",28,1,0,4,41,3,0,4
"csmith_out/csmith_output_179cecc14392ef1f.c",7,1,0,1,20,4,0,1
"csmith_out/csmith_output_179cecc1fc44e91f.c",10,1,0,1,13,1,0,1
"csmith_out/csmith_output_179cecc2483bae1e.c",16,1,0,0,21,1,0,0
"csmith_out/csmith_output_179cecc3307e7ff0.c",20,1,0,2,18,1,0,6
"csmith_out/csmith_output_179cecc40d7f203a.c",7,1,0,0,13,1,0,1
"csmith_out/csmith_output_179cecc49a79cafe.c",16,1,0,0,18,1,0,0
"csmith_out/csmith_output_179cecc52f932344.c",1,0,0,0,1,0,0,0
"csmith_out/csmith_output_179cecc5b694d517.c",9,1,0,3,14,1,0,5
"csmith_out/csmith_output_179cecc636919ecc.c",1,1,0,0,1,1,0,0
"csmith_out/csmith_output_179cecc64c0ee450.c",13,1,0,0,12,1,0,0
"csmith_out/csmith_output_179cecc6a5879b9d.c",17,1,0,0,16,1,0,0
"csmith_out/csmith_output_179cecc72938c33c.c",9,1,0,3,17,4,0,14
"csmith_out/csmith_output_179cecc79d16a24a.c",11,1,0,0,22,8,0,0
"csmith_out/csmith_output_179cecc7ea957134.c",13,1,0,1,13,2,0,4
"csmith_out/csmith_output_179cecc8b2cb3a45.c",9,1,0,0,12,1,0,0
"csmith_out/csmith_output_179cecc9306a5b11.c",30,1,0,0,40,1,0,0
"csmith_out/csmith_output_179ceccba64b4969.c",10,1,0,0,4,1,0,0
"csmith_out/csmith_output_179ceccbcc2a9bb3.c",15,1,0,0,21,1,0,0
"csmith_out/csmith_output_179ceccc9f6acb9a.c",14,1,0,0,17,1,0,0
"csmith_out/csmith_output_179ceccd470e582f.c",12,1,0,0,23,1,0,0
"csmith_out/csmith_output_179ceccdd0df891e.c",0,0,0,0,0,0,0,0
"csmith_out/csmith_output_179ceccde04640ef.c",8,1,0,0,10,1,0,0
"csmith_out/csmith_output_179cecce483406b1.c",11,1,0,5,16,3,0,3
"csmith_out/csmith_output_179ceccefaedaebb.c",10,1,0,0,14,1,0,0
"csmith_out/csmith_output_179ceccf43207be5.c",17,1,0,0,15,1,0,0
"csmith_out/csmith_output_179ceccfa41028c8.c",25,1,0,0,26,1,0,0
"csmith_out/csmith_output_179cecd0f6f73c07.c",12,1,0,0,11,1,0,0
"csmith_out/csmith_output_179cecd149acfb94.c",15,1,0,0,24,1,0,0
"csmith_out/csmith_output_179cecd1d99d581f.c",4,1,0,0,12,1,0,0
"csmith_out/csmith_output_179cecd20c9b02b9.c",2,1,0,0,6,1,0,0
"csmith_out/csmith_output_179cecd27284db12.c",8,1,0,0,15,4,0,4
"csmith_out/csmith_output_179cecd2fbf27f23.c",17,1,0,0,16,1,0,0
"csmith_out/csmith_output_179cecd3a1eee420.c",19,1,0,0,29,1,0,0
"csmith_out/csmith_output_179cecd53c5fe778.c",13,1,0,0,10,1,0,0
"csmith_out/csmith_output_179cecd5a04352fa.c",25,1,0,6,34,1,0,4
"csmith_out/csmith_output_179cecd6e73d79f9.c",14,1,0,0,25,1,0,0
"csmith_out/csmith_output_179cecd79eeca80e.c",11,1,0,0,25,1,0,0
"csmith_out/csmith_output_179cecd884dd8b68.c",11,1,0,0,13,1,0,0
"csmith_out/csmith_output_179cecd8fdae1e70.c",10,1,0,0,13,1,0,0
"csmith_out/csmith_output_179cecd9c665e50a.c",8,1,0,0,22,1,0,0
"csmith_out/csmith_output_179cecda7de4c016.c",13,1,0,1,15,2,0,2
"csmith_out/csmith_output_179cecdb0df73d94.c",1,0,0,0,4,4,0,0
"csmith_out/csmith_output_179cecdb8f8b1435.c",13,1,0,0,15,1,0,0
"csmith_out/csmith_output_179cecdbf7484176.c",13,1,0,0,19,1,0,0
"csmith_out/csmith_output_179cecdcb940b1d8.c",9,1,0,0,11,1,0,0
"csmith_out/csmith_output_179cecdcfdb98127.c",25,1,0,0,32,1,0,0
"csmith_out/csmith_output_179cecdd9f9d67c9.c",7,1,0,2,12,2,0,2
"csmith_out/csmith_output_179cecde3acf80f6.c",15,1,0,0,9,3,0,0
"csmith_out/csmith_output_179cecde9e00b867.c",8,1,0,0,14,1,0,0
"csmith_out/csmith_output_179cecdf18f37a0c.c",1,0,0,0,1,0,0,0
"csmith_out/csmith_output_179cecdf5a577a11.c",9,1,0,0,13,1,0,0
"csmith_out/csmith_output_179cecdfc8a361c4.c",0,0,0,0,0,0,0,0
"csmith_out/csmith_output_179cecdfdafe4bce.c",12,1,0,0,20,1,0,0
"csmith_out/csmith_output_179cece0609091f0.c",12,1,0,0,14,1,0,0
"csmith_out/csmith_output_179cece11864517e.c",4,1,0,0,10,1,0,0
"csmith_out/csmith_output_179cece172c1967e.c",1,0,0,0,42,29,0,0
"csmith_out/csmith_output_179cece1c647de52.c",12,1,0,0,27,1,0,0
"csmith_out/csmith_output_179cece2581dfb87.c",31,1,0,0,39,1,0,0